source,name,formula,class,collapsed_spectra_count
OWN,Hematite,Fe2O3,Oxides / hydroxides,1
OWN,Hibbingite,Fe2O3H3Cl,Oxides / hydroxides,4
OWN,Phenoxy resin,CxOxHx,Other classes,1
OWN,PhenoxyResin,CxOxHx,Other classes,1
OWN,Spinel,MgAl2O4,Oxides / hydroxides,1
ROD,Abhurite,Cl16H14O20Sn21,Oxides / hydroxides,2
ROD,Actinolite,Al0.122Ca1.802Fe0.575H1.94K0.014Mg4.479Mn0.016Na0.124O24Si7.94Ti0.002,Silicates,8
ROD,Adamite,AsHO5Zn2,Oxides / hydroxides,2
ROD,Aegirine-augite,Ca0.774Fe0.11Mg0.901Na0.226O6Si2,Silicates,2
ROD,Afghanite,Al12Ca5.515Cl3K2.505Na7.5O60S3Si12,Silicates,2
ROD,Afwillite,Ca3H6O10Si2,Silicates,2
ROD,Akaganeite,Cl0.675Fe4O8,Oxides / hydroxides,1
ROD,Akatoreite,Al2H8Mn9O32Si8,Silicates,2
ROD,Alabandite,MnS,Sulfides,2
ROD,Alacranite,As8S9,Sulfides,2
ROD,Alamosite,O3PbSi,Silicates,2
ROD,Albite,Al1.02Ca0.02Na0.98O8Si2.98,Silicates,8
ROD,Albite,AlNaO8Si3,Silicates,1
ROD,Allactite,As2H8Mn7O16,Oxides / hydroxides,4
ROD,Alloriite,C0.31H18Al12Ca2.23Cl0.17K2.16Na11.61O61.79S2.7Si12,Silicates,2
ROD,Almandine,Al2Ca0.12Fe2.58Mg0.27O12Si3,Silicates,2
ROD,Almandine,Al2Fe3O12Si3,Silicates,12
ROD,AlPO4 moganite,AlO4P,Oxides / hydroxides,1
ROD,Alum-(K),AlH24K1.3O20S2,Oxides / hydroxides,3
ROD,Alum-(Na),AlH24NaO20S2,Oxides / hydroxides,2
ROD,aluminium(III) oxide,Al2O3,Oxides / hydroxides,1
ROD,aluminum carbide,C3Al4,Other classes,1
ROD,Alunite,Al3H6KO14S2,Oxides / hydroxides,5
ROD,Alunogen,Al2H34O29S3,Oxides / hydroxides,4
ROD,Amarantite,Fe4H28O32S4,Oxides / hydroxides,2
ROD,Ameghinite,B3H4NaO7,Oxides / hydroxides,2
ROD,Amicite,Al2H6KNaO10.765Si2,Silicates,2
ROD,Aminoffite,Be2Ca3H2O12Si3,Silicates,1
ROD,Ammineite,Cl2CuH6N2,Halides,4
ROD,Ammonium paratungstate,H50N6O52W12,Oxides / hydroxides,2
ROD,Analcime,Al1.9H4Na1.95O14Si4.1,Silicates,4
ROD,Analcime,Al2H4Na2.04O14Si4,Silicates,1
ROD,Anapaite,Ca2FeH8O12P2,Oxides / hydroxides,1
ROD,Anatase,O2Ti,Oxides / hydroxides,11
ROD,Andalusite,Al2O5Si,Silicates,6
ROD,Andradite,Ca3Fe2O12Si3,Silicates,22
ROD,Anglesite,O4PbS,Oxides / hydroxides,4
ROD,Anhydrite,CaO4S,Oxides / hydroxides,2
ROD,anhydrous sodium thiosulphate,Na2O3S2,Oxides / hydroxides,1
ROD,Ankinovichite,Al4H16Ni0.72O20V1.88Zn0.28,Oxides / hydroxides,2
ROD,Annite,Al1.282Ca0.03Cl0.05F0.22Fe2.43H1.38K0.88Mg0.12Mn0.03Na0.07O11.73Si2.808Ti0.21,Silicates,2
ROD,Anorpiment,As2S3,Sulfides,2
ROD,Anorthite,AlCaO4Si,Silicates,16
ROD,Aphthitalite,K3NaO8S2,Oxides / hydroxides,2
ROD,Apjohnite,Al2Fe0.02H44Mg0.28Mn0.64O38S4Zn0.06,Oxides / hydroxides,2
ROD,Apuanite,As0.4Fe4.56O12S0.84Sb3.84Zn0.2,Oxides / hydroxides,1
ROD,Aragonite,CCa0.997O3Sr0.003,Oxides / hydroxides,6
ROD,Arakiite,Al0.74As3Fe1.26H23Mg4.23Mn8.06O34Zn0.71,Oxides / hydroxides,2
ROD,Aravaipaite,AlF9H2OPb3,Oxides / hydroxides,2
ROD,Arfvedsonite,Al0.306Ca0.158Fe4.52H2K1.414Mg0.11Mn0.13Na2.428O24Si7.84Ti0.094,Silicates,2
ROD,Argentojarosite,AgAl0.12Fe2.88H6O14S2,Oxides / hydroxides,2
ROD,Argentopyrite,AgFe2S3,Sulfides,2
ROD,Argutite,GeO2,Oxides / hydroxides,3
ROD,Armalcolite,MgO5Ti2,Oxides / hydroxides,5
ROD,Armangite,CAs18Mn26O57,Oxides / hydroxides,4
ROD,Arsenbrackebuschite,As2Fe0.65H2.65O9Pb2Zn0.35,Oxides / hydroxides,2
ROD,Arsendescloizite,AsHO5PbZn,Oxides / hydroxides,2
ROD,Arsentsumebite,AsCuHO9Pb2S,Oxides / hydroxides,4
ROD,Artinite,C0.5H4MgO4,Oxides / hydroxides,2
ROD,Artroeite,AlF3H2O2Pb,Oxides / hydroxides,2
ROD,Asisite,ClO4Pb3.5Si0.5,Silicates,2
ROD,Atacamite,ClCu2H3O3,Oxides / hydroxides,2
ROD,Atelestite,AsBi2HO6,Oxides / hydroxides,2
ROD,Augelite,Al2H3O7P,Oxides / hydroxides,6
ROD,Avogadrite,BF4K,Halides,2
ROD,Axinite-(Mn),Al1.8BCa1.65Fe0.2HMg0.1Mn1.2O16Si4,Silicates,2
ROD,Ba H2 O2,BaH2O2,Oxides / hydroxides,2
ROD,Babingtonite,Al0.03Ca2Fe1.366HMg0.344Mn0.26O15Si5,Silicates,4
ROD,Babingtonite,Ca2Fe1.856O15Si5,Silicates,2
ROD,BaC4O4,C4BaO4,Oxides / hydroxides,4
ROD,Baddeleyite,O2Zr,Oxides / hydroxides,6
ROD,Bahianite,Al4.76Fe0.34O16Sb2.9,Oxides / hydroxides,4
ROD,Bakhchisaraitsevite,Fe0.528H15Mg4.472Na2O23P4,Oxides / hydroxides,2
ROD,BaO2,BaO2,Oxides / hydroxides,4
ROD,Barite,BaO4S,Oxides / hydroxides,4
ROD,Barium titanate,BaO3Ti,Oxides / hydroxides,4
ROD,Barrerite,Al1.876Ba0.002Ca0.162H34K0.03Mg0.047N1.315Na0.106O22.52Si7.123,Silicates,2
ROD,Barysilite,Ca0.182MnO21Pb7.818Si6,Silicates,2
ROD,Baryte,BaO4S,Oxides / hydroxides,7
ROD,Barytocalcite,C2BaCaO6,Oxides / hydroxides,4
ROD,Barytolamprophyllite,Al0.03Ba0.88Ca0.13Fe0.35K0.61Mg0.05Mn0.28Na2.09Nb0.01O18Si4Sr0.33Ti2.91,Silicates,2
ROD,Baumhauerite,As16.6Pb11.62S36,Sulfides,1
ROD,Bavenite,AlBe3Ca4H3O28Si9,Silicates,2
ROD,Bazhenovite,Ca2H9.2O8S2.19,Oxides / hydroxides,2
ROD,Behoite,BeH2O2,Oxides / hydroxides,4
ROD,Bellingerite,Cu3H4I6O20,Oxides / hydroxides,2
ROD,Benitoite,BaO9Si3Ti,Silicates,4
ROD,Benstonite,C13Ba6Ca6MgO39,Oxides / hydroxides,2
ROD,Benyacarite,Al0.14F0.8Fe1.78H23.2K0.32Mg0.08Mn1.5O32.76P4Ti1.56,Oxides / hydroxides,2
ROD,Beraunite,Fe6H17O27P4,Oxides / hydroxides,1
ROD,Berlinite,AlO4P,Oxides / hydroxides,2
ROD,Bermanite,H10Mn3O14P2,Oxides / hydroxides,2
ROD,Bertossaite,Al4Ca0.87H4Li3.72Na0.41O20P4,Oxides / hydroxides,2
ROD,Bertrandite,Be4H2O9Si2,Silicates,2
ROD,Beryl,Al1.356Be3Fe0.384H10.944Mg0.258Na0.425O18.912Si6,Silicates,2
ROD,Beta Gallium Oxide,Ga2O3,Oxides / hydroxides,1
ROD,Betpakdalite-CaMg,As2Ca1.928Fe3H48.352MgMo8Na0.072O61.176,Oxides / hydroxides,2
ROD,Bigcreekite,BaH8O9Si2,Silicates,2
ROD,Bikitaite,AlH2LiO7Si2,Silicates,4
ROD,Billietite,BaH6O30U6,Oxides / hydroxides,3
ROD,Bindheimite,O7Pb2Sb2,Oxides / hydroxides,2
ROD,Bismuth trinitrate,BiN3O9,Oxides / hydroxides,2
ROD,Bismutite,CBi2O5,Oxides / hydroxides,6
ROD,Blodite,H8MgNa2O12S2,Oxides / hydroxides,4
ROD,Bobdownsite,Al0.04Ca9F0.84H0.16Mg0.96O27.16P6.97,Oxides / hydroxides,10
ROD,Bohmite,AlH0.08O2,Oxides / hydroxides,4
ROD,Boleite,Ag9Cl62Cu24H48KO48Pb26,Oxides / hydroxides,2
ROD,Borcarite,C2H6B4Ca4MgO18,Oxides / hydroxides,4
ROD,Boric acid,BH3O3,Oxides / hydroxides,4
ROD,boron trioxide,B2O3,Oxides / hydroxides,4
ROD,Borosilicate glass,Al12.12B34.68Ca4.98Na24.34O206.27Si56.18Zr3.28,Silicates,1
ROD,Bottinoite,NiO18Sb2,Oxides / hydroxides,2
ROD,Bournonite,CuPbS3Sb,Sulfides,2
ROD,Boussingaultite,H20MgN2O14S2,Oxides / hydroxides,2
ROD,Brassite,AsH9MgO8,Oxides / hydroxides,2
ROD,Braunite,Mn7O12Si,Silicates,4
ROD,Brazilianite,Al3H4NaO12P2,Oxides / hydroxides,4
ROD,Brendelite,BiFeHO7PPb,Oxides / hydroxides,2
ROD,Brenkite,CCa2F2O3,Oxides / hydroxides,2
ROD,Britvinite,C2B3.468F2Mg9O58Pb14.144Si10.532,Silicates,2
ROD,Brizziite,NaO3Sb,Oxides / hydroxides,2
ROD,Brookite,O2Ti,Oxides / hydroxides,6
ROD,Brownmillerite,Ca2Fe2O5,Oxides / hydroxides,1
ROD,Brucite,H2MgO2,Oxides / hydroxides,3
ROD,Burkeite,C0.61Na3O3.5S0.89,Oxides / hydroxides,2
ROD,Bussyite-(Ce),Be5.176Ca0.764Ce0.824Eu0.008F4Gd0.078H7.72La0.236Mg0.012Mn0.485Na3.652Nd0.374O33.15Pr0.114Si8.824Sm0.08Th0.174Y0.242,Silicates,1
ROD,Butlerite,FeH3O7S,Oxides / hydroxides,2
ROD,Cabalzarite,Al0.816As2CaFe0.354H3Mg0.784Mn0.046O10,Oxides / hydroxides,2
ROD,Cadmium iodide,CdI2,Halides,4
ROD,Caesium carbonate,CCs2O3,Oxides / hydroxides,1
ROD,Caesium nitrate,CsNO3,Nitrates,4
ROD,Cafarsite,As22.36Ca11.84Fe5.94Mn3.4O81.36Ti6,Oxides / hydroxides,2
ROD,Cahnite,AsBCa2O8,Oxides / hydroxides,4
ROD,Calcioancylite-(Nd),C4Ca1.263Ce0.626Dy0.068Gd0.273La0.137Nd0.879O16Pr0.147Sm0.324Tm0.029Y0.254,Oxides / hydroxides,2
ROD,Calcite,CCaO3,Oxides / hydroxides,16
ROD,calcium peroxide,CaO2,Oxides / hydroxides,4
ROD,Calderonite,FeHO9Pb1.937V1.912,Oxides / hydroxides,4
ROD,Callaghanite,CH10Cu2Mg2O11,Oxides / hydroxides,2
ROD,Calzirtite,CaO8TiZr2.5,Oxides / hydroxides,2
ROD,Carletonite,C4H4.59Al0.112Ca3.76F0.41K0.882Na3.658O31.373Si7.748,Silicates,2
ROD,Carlosbarbosaite,Al0.1Ca0.28Ce0.02Fe0.1H6Nb0.8Nd0.02O14Si0.26Ta0.52Ti0.22U1.44,Silicates,2
ROD,Carminite,As2Fe2H2O10Pb,Oxides / hydroxides,2
ROD,Carpathite/Karpalite?,C2H,Other classes,2
ROD,Carpholite,Al3.02H8K0.012Mg0.26Mn1.74O20Si4V0.98,Silicates,2
ROD,Caryinite,As2.892Ca1.91Mg0.56Mn1.77Na1.376O12P0.09Pb0.384V0.018,Oxides / hydroxides,2
ROD,Cassiterite,O2Sn,Oxides / hydroxides,6
ROD,Catapleiite,CaH4O11Si3Zr,Silicates,5
ROD,Caysichite-(Y),C3H8.5Ca1.5O23Si4Y2.5,Silicates,2
ROD,Cechite,Fe0.8HMn0.2O5PbV,Oxides / hydroxides,1
ROD,Celestine,O4SSr,Oxides / hydroxides,6
ROD,Celsian,Al2BaO8Si2,Silicates,4
ROD,Ceria,CeO2,Oxides / hydroxides,4
ROD,Cerianite-(Ce),Ce0.62Dy0.02Er0.01F0.24Gd0.02La0.03Nd0.06O1.68Pr0.01Sm0.01Y0.2Yb0.02,Oxides / hydroxides,2
ROD,Cerine,CeO2,Oxides / hydroxides,1
ROD,cerium(IV) sulfate tetrahydrate,CeH8O12S2,Oxides / hydroxides,1
ROD,Cerussite,CO3Pb,Carbonates,6
ROD,Chabazite-Ca,Al3.156Ca1.01K0.164Na0.226O24Si8.844,Silicates,1
ROD,Chabourneite,As19Pb4S68Sb21Tl8,Sulfides,2
ROD,Chalcanthite,CuH10O9S,Oxides / hydroxides,4
ROD,Chalcocyanite,CuO4S,Oxides / hydroxides,1
ROD,Chalcosiderite,Al0.54CuFe5.46H16O28P4,Oxides / hydroxides,2
ROD,Chalcostibite,CuS2Sb,Sulfides,2
ROD,Chambersite,B7ClMn3O13,Oxides / hydroxides,2
ROD,Changoite,H8Na2O12S2Zn,Oxides / hydroxides,2
ROD,Charoite,Ba0.16Ca12.82FH4.18K6.94Mn0.18Na3.18O92.59Si35Sr0.5,Silicates,2
ROD,Chenite,CuH6O14Pb4S2,Oxides / hydroxides,4
ROD,Chervetite,O7Pb2V2,Oxides / hydroxides,2
ROD,Childrenite,AlFe0.89H4Mn0.11O7P,Oxides / hydroxides,2
ROD,Chiolite,Al3F14Na5,Halides,2
ROD,Chlorargyrite,AgCl,Halides,2
ROD,Chlorartinite,CH5ClMg2O6,Oxides / hydroxides,2
ROD,Chrysoberyl,Al1.98BeCr0.02O4,Oxides / hydroxides,8
ROD,Clinobarylite,BaBe2O7Si2,Silicates,4
ROD,Clinochalcomenite,CuH4O5Se,Oxides / hydroxides,2
ROD,clinoenstatite,MgO3Si,Silicates,1
ROD,Clinohedrite,CaH2O5SiZn,Silicates,3
ROD,Co,Co,Other classes,1
ROD,cobalt (II) dicobalt (III) oxide,Co3O4,Carbonates,1
ROD,cobalt (II) oxide,CoO,Oxides / hydroxides,1
ROD,Cobalt ferrite,CoFe2O4,Oxides / hydroxides,1
ROD,cobaltosic oxide,Co3O4,Carbonates,1
ROD,Conichalcite,AsCaCu0.96HMg0.04O5,Oxides / hydroxides,2
ROD,Coquimbite,Al0.761Fe3.239H36O42S6,Oxides / hydroxides,2
ROD,Cordierite,Al4Fe0.14Mg1.86Na0.09O18.58Si5,Silicates,8
ROD,Cornwallite,As1.8Cu5H4O12P0.2,Oxides / hydroxides,2
ROD,Corundum,Al2O3,Oxides / hydroxides,17
ROD,Crocoite,CrO4Pb,Oxides / hydroxides,3
ROD,CSD-B Borosilicate glass,Al17.4B28.88Ba0.36Ca3.1Co0.27Cr0.14Fe5.68Li4.34Mn0.19Mo0.69Na25.06Ni0.33O206.96P0.84Ru0.12S0.19Si50.33Zr1.99,Silicates,1
ROD,Cuprite,Cu2O,Oxides / hydroxides,1
ROD,Diopside,CaMgO6Si2,Silicates,1
ROD,disodium peroxodisulfate,Na2O8S2,Oxides / hydroxides,1
ROD,Dixenite,As6.3Cu0.843FeH6Mg0.1Mn12.9O33Si1.7,Silicates,2
ROD,Dolomite,C2CaFe0.33Mg0.67O6,Oxides / hydroxides,4
ROD,Dolomite,C2CaMgO6,Oxides / hydroxides,2
ROD,Dreyerite,BiO4V,Oxides / hydroxides,2
ROD,Dugganite,As6O18Pb3TeZn3,Oxides / hydroxides,2
ROD,Dukeite,Bi12Cr4H6O33,Oxides / hydroxides,2
ROD,Dussertite,As2BaFe2.52O14Sb0.48,Oxides / hydroxides,2
ROD,Eclarite,Bi13.604Cu0.842Fe0.45Pb7.25S28,Sulfides,2
ROD,Edoylerite,CrHg3O4S2,Oxides / hydroxides,2
ROD,Eirikite,Al3Be2F2K0.983Na6.017O39Si15,Silicates,2
ROD,Eitelite,C2MgNa2O6,Oxides / hydroxides,2
ROD,Elyite,CuH5O11Pb4S,Oxides / hydroxides,2
ROD,Enstatite,MgO3Si,Silicates,1
ROD,Epidote,Al2.08Ca2Fe0.39HMn0.53O13Si3,Silicates,2
ROD,Epidote,Al2.09Ca2Fe0.91HO13Si3,Silicates,2
ROD,Epsomite (deuterated),D14MgO11S,Oxides / hydroxides,2
ROD,Erbium oxide,Er2O3,Oxides / hydroxides,3
ROD,erbium(III) oxide,Er2O3,Oxides / hydroxides,1
ROD,Erdite,FeH2NaO2S2,Oxides / hydroxides,2
ROD,Erythrite,As2Co2.01Fe0.74H16Ni0.25O16,Oxides / hydroxides,4
ROD,Eskolaite,Cr2O3,Oxides / hydroxides,3
ROD,Esperite,Ca2O12PbSi3Zn3,Silicates,7
ROD,Europium oxide,Eu2O3,Oxides / hydroxides,3
ROD,Ezcurrite,B5H5Na2O12,Oxides / hydroxides,2
ROD,Famatinite,As0.264Cu3S4Sb0.736,Sulfides,1
ROD,Farringtonite,Mg3O8P2,Oxides / hydroxides,2
ROD,Fenaksite,FeKNaO10Si4,Silicates,2
ROD,Ferronigerite-2N1S,Al8.435Fe0.83HO15SnZn0.36,Oxides / hydroxides,2
ROD,Fettelite,Ag17.742As3.552S15Sb0.448,Sulfides,2
ROD,Fluornatromicrolite,As0.04Ca0.88F0.73H0.24Na0.88Nb0.14O6Pb0.02Si0.12Ta1.7,Silicates,6
ROD,Footemineite,Be4Ca2Fe0.52H16Li0.17Mg0.05Mn4.14O34P6,Oxides / hydroxides,2
ROD,Forsterite,Mg2O4Si,Silicates,2
ROD,Gadolina,Gd2O3,Oxides / hydroxides,4
ROD,Gelosaite,BiH3Mo2.102O9,Oxides / hydroxides,2
ROD,Georgerobinsonite,ClCr2FH2O10Pb4,Oxides / hydroxides,2
ROD,Goethite,FeHO2,Oxides / hydroxides,1
ROD,Gorceixite,Al3Ba0.882H7O14P2,Oxides / hydroxides,2
ROD,Graphite,C,Other classes,1
ROD,Gypsum,CaH4O6S,Oxides / hydroxides,2
ROD,Hanksite,C2ClKNa22O42S9,Oxides / hydroxides,2
ROD,Hashemite,BaCrO4,Oxides / hydroxides,3
ROD,Hedenbergite,CaFeO6Si2,Silicates,7
ROD,Hematite,Fe2.66O4,Oxides / hydroxides,2
ROD,Hematite,Fe2O3,Oxides / hydroxides,4
ROD,holmium oxide,Ho2O3,Oxides / hydroxides,2
ROD,holmium(III) oxide,Ho2O3,Oxides / hydroxides,1
ROD,Hydroxylapatite,Ca5HO13P3,Oxides / hydroxides,1
ROD,Hydroxylclinohumite,Fe0.58H2Mg8.42O18Si4,Silicates,4
ROD,Hydroxylherderite,BeCaF0.48H0.52O4.52P,Oxides / hydroxides,2
ROD,Inderite,B3H15MgO13,Oxides / hydroxides,2
ROD,Indialite,Al4.251Ca0.084Fe0.06K0.336Mg1.94O18Si4.749,Silicates,2
ROD,Indium oxide,In2O3,Oxides / hydroxides,3
ROD,Inesite,Ca2H11.912Mn7O34.956Si10,Silicates,2
ROD,Inyoite,B3CaH13O12,Oxides / hydroxides,2
ROD,Iodargyrite,AgI,Halides,1
ROD,Iriginite,H6Mo2O12U,Oxides / hydroxides,2
ROD,Iron(II) sulfate,FeO4S,Oxides / hydroxides,4
ROD,Jahnsite-(CaMnMg),CaFe2H18Mg2MnO26P4,Oxides / hydroxides,2
ROD,Jamesite,As4Fe4.8H10O26Pb4Zn2.2,Oxides / hydroxides,2
ROD,Jeanbandyite,FeO6Sn,Oxides / hydroxides,2
ROD,Joesmithite,Be1.694Ca1.9Fe2.449H2K0.072Mg2.551Na0.1O24Pb0.928Si6.306,Silicates,2
ROD,Johachidolite,AlB3CaO7,Oxides / hydroxides,2
ROD,Jouravskite,CH30Ca3MnO25S,Oxides / hydroxides,2
ROD,K-cymrite,AlH2KO9Si3,Silicates,1
ROD,Kainite,Cl4H22K4Mg4O27S4,Oxides / hydroxides,2
ROD,Kaliborite,B12H19KMg2O30,Oxides / hydroxides,2
ROD,Kamphaugite-(Y),C2H3CaO8Y,Oxides / hydroxides,2
ROD,Kapellasite,Cl2.18Cu3H5.82O5.82Zn,Oxides / hydroxides,1
ROD,Kasolite,H2O7PbSiU,Silicates,2
ROD,Keyite,As3CdCu1.5H0.02O14Zn2,Oxides / hydroxides,2
ROD,Kidwellite,As0.476Cu0.356Fe9H19NaO38P5.524,Oxides / hydroxides,2
ROD,Klebelsbergite,H2O10SSb4,Oxides / hydroxides,2
ROD,Kleinite,ClH20Hg4N2OS,Oxides / hydroxides,2
ROD,Klockmannite,CuSe,Other classes,2
ROD,kokchetavite,AlKO8Si3,Silicates,1
ROD,Kombatite,Cl4O17Pb14V2,Oxides / hydroxides,2
ROD,Krausite,FeH2KO9S2,Oxides / hydroxides,2
ROD,Kristiansenite,Ca4Fe0.41H2O28Sc1.52Si8Sn2.07,Silicates,2
ROD,Krohnkite,CuH4Na2O10S2,Oxides / hydroxides,2
ROD,Kuksite,As0.404O14P1.594Pb3TeZn3,Oxides / hydroxides,2
ROD,Kurchatovite,B2CaMgO5,Oxides / hydroxides,2
ROD,Labuntsovite-Mn,H15.68K3.4Mn0.2Na2Nb0.8O32.4Si8Ti3.2,Silicates,2
ROD,Lanarkite,O5Pb2S,Oxides / hydroxides,2
ROD,Langbeinite,K2Mg2O12S3,Oxides / hydroxides,2
ROD,Lanthanum hexaboride,B6La,Other classes,1
ROD,Larderellite,B5H4NO10,Oxides / hydroxides,2
ROD,Laueite,Fe2H4MnO18P2,Oxides / hydroxides,2
ROD,Laurite,RuS2,Sulfides,2
ROD,Lavenite,Ca0.82F1.25Mn0.79Na1.18O7.75Si2Ti0.477Zr0.733,Silicates,2
ROD,Lawrencite,Cl2Fe,Halides,2
ROD,Lead nitrate,N2O6Pb,Oxides / hydroxides,1
ROD,Leadhillite,C2H2O12Pb4S,Oxides / hydroxides,2
ROD,Leifite,Al2.66Be2F2K0.46Na6.2O39Si15.34,Silicates,2
ROD,Leightonite,CaCu0.68H4KO9S2,Oxides / hydroxides,2
ROD,Leiteite,As2O4Zn,Oxides / hydroxides,2
ROD,Lemoynite,Ca0.83Cu0.01Fe0.08H14KMg0.04NaNb0.08O32Si10Ti0.06Zn0.02Zr1.86,Silicates,2
ROD,Lepidocrocite,FeHO2,Oxides / hydroxides,3
ROD,Leucosphenite,B2BaNa4O30Si10Ti2,Silicates,2
ROD,Li Y F4,F4LiY,Halides,4
ROD,Lindgrenite,Cu3H2Mo2O10,Oxides / hydroxides,2
ROD,Litharge,OPb,Oxides / hydroxides,2
ROD,lithiophosphate,Li6O8P2,Oxides / hydroxides,1
ROD,Lithium carbonate,CLi2O3,Oxides / hydroxides,4
ROD,Lithium metaborate,B4Li4O8,Oxides / hydroxides,2
ROD,Lithium molybdate,Li2MoO4,Molybdates,4
ROD,Lizardite,H4Mg3O9Si2,Silicates,1
ROD,Luetheite,Al0.635AsCuFe0.365H2O6,Oxides / hydroxides,2
ROD,Lulzacite,Al4Ba0.08Fe2.26H4Mg0.74O26P3.92Sr1.92V0.08,Oxides / hydroxides,2
ROD,Maghemite,Fe2O3,Oxides / hydroxides,1
ROD,Magnetite,Fe3O4,Oxides / hydroxides,1
ROD,Manganaxinite,Al1.86BCa1.95Fe0.18H0.9Mg0.015Mn0.995O16Si4,Silicates,6
ROD,Manganoeudialyte,C2.64H40.56Al0.75Ca18Ce0.18F0.39Fe3.6K1.17Mn5.72Na47.84Nb0.87O254.37Si75.57Sr2.43Ti0.57Zr9.24,Silicates,2
ROD,Manganoquadratite,AgAsMnS3,Sulfides,2
ROD,Manganosite,MoO,Oxides / hydroxides,2
ROD,melanophlogite,O2Si,Silicates,1
ROD,mercuric oxide,HgO,Oxides / hydroxides,1
ROD,Moissanite,CSi,Silicates,2
ROD,Moissanite 6O SiC,CSi,Silicates,1
ROD,Molybdite,MoO3,Oxides / hydroxides,5
ROD,Monetite,CaHO4P,Oxides / hydroxides,4
ROD,Monosodium phosphate,H2NaO4P,Oxides / hydroxides,1
ROD,Montroydite,HgO,Oxides / hydroxides,2
ROD,Mooreite,H42Mg9Mn1.882O42S2Zn4,Oxides / hydroxides,2
ROD,Muirite,Ba9.5Ca3.5Cl4H12O36Si8Ti,Silicates,2
ROD,Muscovite,Al3H2KO12Si3,Silicates,1
ROD,Mushistonite,CuH6O6Sn,Oxides / hydroxides,2
ROD,Nahcolite,CHNaO3,Oxides / hydroxides,3
ROD,Namibite,Bi2CuHO7V,Oxides / hydroxides,2
ROD,Narsarsukite,Na4O22Si8Ti2,Silicates,2
ROD,Natanite,FeH6O6Sn,Oxides / hydroxides,2
ROD,Natroalunite,Al3H6K0.42Na0.58O14S2,Oxides / hydroxides,1
ROD,Nchwaningite,H4Mn2O6Si,Silicates,2
ROD,Neodymium oxide,Nd2O3,Oxides / hydroxides,4
ROD,Niobite,Nb2O5,Oxides / hydroxides,4
ROD,Niobium dioxide,NbO2,Oxides / hydroxides,4
ROD,Nitratine,NNaO3,Oxides / hydroxides,4
ROD,Nitrobarite,BaN2O6,Oxides / hydroxides,4
ROD,Nitrocalcite,CaH8N2O10,Oxides / hydroxides,2
ROD,Nitrocalcite,CaN2O6,Oxides / hydroxides,2
ROD,Oleylamine,C18H37N,Other classes,1
ROD,Otavite,CCdO3,Oxides / hydroxides,1
ROD,Ottoite,O5Pb2Te,Oxides / hydroxides,2
ROD,Oxonickel,NiO,Oxides / hydroxides,1
ROD,Parakeldyshite,H0.066Na1.934O7Si2Zr,Silicates,1
ROD,Paralstonite,C2BaCaO6,Oxides / hydroxides,4
ROD,Peretaite,CaH6O16S2Sb4,Oxides / hydroxides,2
ROD,Perhamite,Al7.7Ca2.7H12.68O45.862P4Si3Sr0.3,Silicates,2
ROD,Perraultite,Ba2.5CaF4Fe6.1H8K1.2Mn9.4Na3Nb0.32O72Si16Ti7.68Zr0.3,Silicates,2
ROD,Pertlikite,AlFe4.47H84K2Mg3.53O66.252S12,Oxides / hydroxides,2
ROD,Pharmacolite,AsCaH5O6,Oxides / hydroxides,2
ROD,Pharmacosiderite,As3Fe4O21,Oxides / hydroxides,2
ROD,phase II or wII,O4SiZn2,Silicates,1
ROD,phase III,O4SiZn2,Silicates,1
ROD,phase IV,O4SiZn2,Silicates,1
ROD,Phillipsite-Ca,Al2.672Ca0.82H12KO22Si5.328,Silicates,2
ROD,Plattnerite,O2Pb,Oxides / hydroxides,4
ROD,Polyhexamethylene guanidine,C12H10N4O2,Oxides / hydroxides,1
ROD,Portlandite,CaH2O2,Oxides / hydroxides,2
ROD,Potassium carbonate,CK2O3,Oxides / hydroxides,1
ROD,protoenstatite,MgO3Si,Silicates,1
ROD,Pyrite,FeS2,Sulfides,5
ROD,Pyrope,Al2Mg3O12Si3,Silicates,2
ROD,Pyrosmalite-(Fe),Cl1.857Fe8H12.025O23.584Si6,Silicates,1
ROD,Quartz,O2Si,Silicates,1
ROD,Quartz low,O2Si,Silicates,1
ROD,Rhodostannite,CuFe0.5S4Sn1.5,Sulfides,1
ROD,Rosasite,CH2Cu1.2O5Zn0.8,Oxides / hydroxides,2
ROD,Rutile,O2Ti,Oxides / hydroxides,3
ROD,Saltonseaite,Cl6K3MnNa,Halides,2
ROD,Saltpeter,K3NO4,Oxides / hydroxides,3
ROD,Samarium (III) oxide,O3Sm2,Oxides / hydroxides,3
ROD,Scandia,O3Sc2,Oxides / hydroxides,3
ROD,Scheelite,CaO4W,Oxides / hydroxides,2
ROD,Segelerite,CaFeH9MgO13P2,Oxides / hydroxides,2
ROD,Shcherbianite,O5V2,Oxides / hydroxides,4
ROD,Siderite,CFeO3,Oxides / hydroxides,2
ROD,Sodium borohydride,BH4Na,Other classes,4
ROD,Sodium iodide,INa,Halides,1
ROD,Sodium nitrate(III),NNaO2,Oxides / hydroxides,4
ROD,SON68 Borosilicate glass,Al9.8B27.8Ca4CrFe5.8Li4Na19.6Ni0.4O177P0.6Si45.1Zn2.5,Silicates,1
ROD,Sphaerobismoite,Bi2O3,Oxides / hydroxides,4
ROD,Steacyite,Ca0.74Ce0.03K0.6Mg0.04Mn0.2Na0.9O20Pb0.01Si8Th0.88,Silicates,1
ROD,Steklite,AlKO8S2,Oxides / hydroxides,1
ROD,Stichtite,C0.118H3.224Cr0.23Mg0.77O2.966,Oxides / hydroxides,2
ROD,Stolzite,O4PbW,Oxides / hydroxides,2
ROD,Strontium Nitrate,N2O6Sr,Oxides / hydroxides,4
ROD,Tantalite,O5Ta2,Oxides / hydroxides,4
ROD,Telluric acid dihydrate,H6O6Te3,Oxides / hydroxides,1
ROD,Thallium(I) bromide,BrTl,Halides,2
ROD,Thallium(I) chloride,ClTl,Halides,2
ROD,Thenardite,Na2O4S,Oxides / hydroxides,4
ROD,Tiptopite,Be3Ca0.36H7.26KLi1.44Na0.84O15.01P3,Oxides / hydroxides,3
ROD,Tobermorite,Ca2.25H7O11Si3,Silicates,1
ROD,tridymite MC,O2Si,Silicates,1
ROD,tridymite MC synthetic,O2Si,Silicates,1
ROD,tridymite MX-1,O2Si,Silicates,1
ROD,tridymite PO-10,O2Si,Silicates,2
ROD,TRISODIUM PHOSPHATE,Na3O4P,Oxides / hydroxides,1
ROD,Tschermigite,AlH28NO20S2,Oxides / hydroxides,1
ROD,Tungsten dioxide,O2W,Oxides / hydroxides,3
ROD,Uchucchacuaite,Ag1.041Mn0.919Pb3S12Sb5.041,Sulfides,1
ROD,Uchucchacuaite,Ag1.049Mn0.901Pb3S12Sb5.049,Sulfides,1
ROD,Unknown,AgO6UV,Oxides / hydroxides,2
ROD,Unknown,Al0.004As0.016Ba0.018Ca0.007Cu0.034Fe0.965H1.494O9P0.003Pb1.924Si0.085V1.836Zn0.009,Silicates,4
ROD,Unknown,Al0.91AsF0.73Fe0.09H0.27Li0.05Na0.95O4.27,Oxides / hydroxides,1
ROD,Unknown,Al1.07Ca3.94Fe2.93H28Mg1.01O40P6Sr0.06,Oxides / hydroxides,1
ROD,Unknown,Al2BaH3Mg1.97Mn0.03O15P3,Oxides / hydroxides,4
ROD,Unknown,Al2Be3O18Si6,Silicates,14
ROD,Unknown,Al2Ca2H6O22Si6Sn,Silicates,1
ROD,Unknown,Al5.88Ca0.94Cl0.48H0.96Na6.4O24.48S3.54Si6.12,Silicates,2
ROD,Unknown,AlNaO8Si3,Silicates,1
ROD,Unknown,As2O3,Oxides / hydroxides,4
ROD,Unknown,AsHMn2O5,Oxides / hydroxides,1
ROD,Unknown,BCaLiO3,Oxides / hydroxides,2
ROD,Unknown,C18H32O2,Oxides / hydroxides,1
ROD,Unknown,C2H2.64Ba0.01Ca0.02Ce0.98F0.14O7.74Sr0.98,Oxides / hydroxides,2
ROD,Unknown,C5Ba0.5Ca1.44Ce0.78Na2.67O15Sr0.55,Oxides / hydroxides,2
ROD,Unknown,CCaO3,Oxides / hydroxides,1
ROD,Unknown,Ca7H2KLi3O38Si12Ti2,Silicates,1
ROD,Unknown,CaH2O8Si2Zn2,Silicates,1
ROD,Unknown,Cr6CuH2O34Pb10Si2,Silicates,1
ROD,Unknown,Cu2H3O10RbS2,Oxides / hydroxides,2
ROD,Unknown,Cu3H4O8Te,Oxides / hydroxides,2
ROD,Unknown,CuFeS2,Sulfides,1
ROD,Unknown,F4LiY,Halides,1
ROD,Unknown,Fe3O4,Oxides / hydroxides,1
ROD,Unknown,FeHO2,Oxides / hydroxides,1
ROD,Unknown,FeS2,Sulfides,1
ROD,Unknown,H4Na2O13Si4Ti,Silicates,2
ROD,Unknown,H7Mg2O8P,Oxides / hydroxides,1
ROD,Unknown,KMnO4,Oxides / hydroxides,2
ROD,Unknown,LiNb3O8,Oxides / hydroxides,2
ROD,Valentinite,O3Sb2,Oxides / hydroxides,3
ROD,Vanadium (IV) oxide,O2V,Oxides / hydroxides,1
ROD,vitreous silica,O2Si,Silicates,2
ROD,Vladimirite,As3Ca4H9O16,Oxides / hydroxides,4
ROD,Vuoriyarvite,H10.3K2.98Na1.22Nb2.2O31.15Si8Ti1.8,Silicates,2
ROD,Walstromite,BaCa2O9Si3,Silicates,2
ROD,Waylandite,Al3Bi0.49Ca0.23H6O14P1.8Si0.2Sr0.28,Silicates,1
ROD,Whiteite-(CaMnMn),Al1.84Ca0.93Fe0.16H18Mg0.04Mn2.96O26P4Zn0.07,Oxides / hydroxides,2
ROD,willemite,O4SiZn2,Silicates,1
ROD,Ytterbia,O3Yb2,Oxides / hydroxides,4
ROD,Yttriaite,O3Y2,Oxides / hydroxides,2
ROD,Zaccagnaite,CH2Al0.333O5Zn0.667,Oxides / hydroxides,2
ROD,Zeophyllite,Ca13F10H12O34Si10,Silicates,1
ROD,Zigrasite,H8MgO12P2Zr,Oxides / hydroxides,2
ROD,Zinc bromide,Br2Zn,Halides,1
ROD,Zincite,OZn,Oxides / hydroxides,1
ROD,Zincobotryogen,Fe1.08H11.25Mg0.2Mn0.25O16S2Zn0.47,Oxides / hydroxides,2
ROD,Zincolivenite,AsCu0.86HO5Zn1.14,Oxides / hydroxides,2
ROD,Zincroselite,As2Ca2H4Mg0.14O10Zn0.86,Oxides / hydroxides,2
ROD,Zinkenite,Pb1.6S7Sb3.4,Sulfides,1
ROD,Zirconia,O2Zr,Oxides / hydroxides,1
ROD,zirconium oxide,O2Zr,Oxides / hydroxides,3
ROD,Zwieselite,FFe2O4P,Oxides / hydroxides,2
RRUFF,Abellaite,NaPb2(CO3)2(OH),Carbonates,3
RRUFF,Abelsonite,NiC31H32N4,Other classes,6
RRUFF,Abhurite,Sn^2+^21O6(OH)14Cl16,Oxides / hydroxides,6
RRUFF,Abramovite,Pb2SnInBiS7,Sulfides,6
RRUFF,Acanthite,Ag2S,Sulfides,12
RRUFF,Actinolite,[box]Ca2(Mg4.5-2.5Fe^2+^0.5-2.5)Si8O22(OH)2,Silicates,228
RRUFF,Adachiite,CaFe^2+^3Al6(Si5AlO18)(BO3)3(OH)3(OH),Silicates,3
RRUFF,Adamite,Zn2(AsO4)(OH),Arsenates,71
RRUFF,Adamsite-(Y),NaY(CO3)2·6H2O,Carbonates,7
RRUFF,Adanite,Pb2(Te^4+^O3)(SO4),Sulfates,6
RRUFF,Adelite,CaMg(AsO4)(OH),Arsenates,12
RRUFF,Aegirine,NaFe^3+^Si2O6,Silicates,116
RRUFF,Aenigmatite,Na4[Fe^2+^10Ti2]O4[Si12O36],Silicates,60
RRUFF,Aerinite,"(Ca,Na)6(Fe^3+^,Fe^2+^,Mg,Al)4(Al,Mg)6Si12O36(OH)12(CO3)·12H2O",Silicates,2
RRUFF,Aeschynite-(Y),Y(TiNb)O6,Oxides / hydroxides,14
RRUFF,Afghanite,"(Na,K)22Ca10(Si24Al24)O96(SO4)6Cl6",Silicates,12
RRUFF,Afmite,Al3(OH)4(H2O)3(PO4)(PO3OH)·H2O,Phosphates,3
RRUFF,Afwillite,Ca3[SiO4][SiO2(OH)2]·2H2O,Silicates,20
RRUFF,Agaite,Pb3Cu^2+^Te^6+^O5(OH)2(CO3),Carbonates,3
RRUFF,Agakhanovite-(Y),YCa[box]2KBe3Si12O30,Silicates,1
RRUFF,Agardite-(Y),YCu^2+^6(AsO4)3(OH)6·3H2O,Arsenates,24
RRUFF,Agrellite,NaCa2Si4O10F,Silicates,4
RRUFF,Agrinierite,K2Ca[(UO2)3O3(OH)2]2·5H2O,Oxides / hydroxides,6
RRUFF,Aheylite,Fe^2+^Al6(PO4)4(OH)8·4H2O,Phosphates,12
RRUFF,Ahlfeldite,Ni(SeO3)·2H2O,Oxides / hydroxides,6
RRUFF,Ahrensite,SiFe2O4,Silicates,2
RRUFF,Aikinite,CuPbBiS3,Sulfides,8
RRUFF,Ajoite,K3Cu^2+^20Al3Si29O76(OH)16·8H2O,Silicates,12
RRUFF,Akatoreite,Mn^2+^9Al2Si8O24(OH)8,Silicates,6
RRUFF,Akermanite,Ca2MgSi2O7,Silicates,44
RRUFF,Akrochordite,MnMn2Mn2(AsO4)2(OH)4(H2O)4,Arsenates,6
RRUFF,Alabandite,MnS,Sulfides,8
RRUFF,Alacranite,As8S9,Sulfides,12
RRUFF,Alamosite,PbSiO3,Silicates,6
RRUFF,Albite,Na(AlSi3O8),Silicates,247
RRUFF,Aldermanite,[Mg(H2O)6][Na(H2O)2Al3(PO4)2(OH)6]·H2O,Phosphates,6
RRUFF,Aldomarinoite,Sr2Mn^3+^(AsO4)2(OH),Arsenates,2
RRUFF,Aleksite,PbBi2Te2S2,Sulfides,6
RRUFF,Alforsite,Ba5(PO4)3Cl,Phosphates,5
RRUFF,Alfredopetrovite,Al2(Se^4+^O3)3·6H2O,Oxides / hydroxides,6
RRUFF,Allabogdanite,"(Fe,Ni)2P",Other classes,6
RRUFF,Allactite,Mn^2+^7(AsO4)2(OH)8,Arsenates,12
RRUFF,Allanite-(Ce),CaCe(Al2Fe^2+^)[Si2O7][SiO4]O(OH),Silicates,27
RRUFF,Allanite-(La),CaLa(Al2Fe^2+^)[Si2O7][SiO4]O(OH),Silicates,6
RRUFF,Allanpringite,Fe^3+^3(PO4)2(OH)3·5H2O,Phosphates,6
RRUFF,Allantoin,C4H6N4O3,Oxides / hydroxides,3
RRUFF,Alleghanyite,Mn^2+^5(SiO4)2(OH)2,Silicates,12
RRUFF,Alloclasite,CoAsS,Sulfides,6
RRUFF,Allophane,Al2O3(SiO2)1.3-2.0·2.5-3.0H2O,Silicates,13
RRUFF,Alloriite,"(Na,K,Ca)24(Na,Ca)4Ca4(Si,Al)48O96(SO4)4(SO3,CO3)2(OH,Cl)2(H2O,OH)4",Silicates,8
RRUFF,Alluaudite,[box]NaMnFe^3+^2(PO4)3,Phosphates,30
RRUFF,Almandine,Fe^2+^3Al2(SiO4)3,Silicates,137
RRUFF,Alpha-D lactose monohydrate,?,Unknown formula,6
RRUFF,AlSO4(OH),?,Unknown formula,4
RRUFF,Alstonite,BaCa(CO3)2,Carbonates,16
RRUFF,Altaite,PbTe,Other classes,4
RRUFF,Alterite,Zn2Fe^3+^4(SO4)4(C2O4)2(OH)4·17H2O,Sulfates,4
RRUFF,Althausite,"Mg4(PO4)2(OH,O)(F,[box])",Phosphates,6
RRUFF,Alum-(K),KAl(SO4)2·12H2O,Sulfates,20
RRUFF,Alum-(Na),NaAl(SO4)2·12H2O,Sulfates,6
RRUFF,Aluminite,Al2(SO4)(OH)4·7H2O,Sulfates,7
RRUFF,Aluminium,Al,Other classes,6
RRUFF,Alumohydrocalcite,CaAl2(CO3)2(OH)4·4H2O,Carbonates,12
RRUFF,Alumoklyuchevskite,K3Cu^2+^3AlO2(SO4)4,Sulfates,7
RRUFF,Alumolukrahnite,CaCu^2+^Al(AsO4)2(OH)(H2O),Arsenates,3
RRUFF,Alunite,KAl3(SO4)2(OH)6,Sulfates,12
RRUFF,Alunogen,Al2(SO4)3(H2O)12·5H2O,Sulfates,14
RRUFF,Amarantite,Fe^3+^2O(SO4)2·7H2O,Sulfates,8
RRUFF,Amber,?,Unknown formula,6
RRUFF,Amblygonite,LiAl(PO4)F,Phosphates,64
RRUFF,Ameghinite,NaB3O3(OH)4,Oxides / hydroxides,6
RRUFF,Amesite,Mg2Al(AlSiO5)(OH)4,Silicates,29
RRUFF,Amicite,K2Na2(Al4Si4O16)·5H2O,Silicates,8
RRUFF,Aminoffite,Ca3(BeOH)2Si3O10,Silicates,6
RRUFF,Ammineite,CuCl2·2NH3,Halides,12
RRUFF,Ammonioalunite,(NH4)Al3(SO4)2(OH)6,Sulfates,6
RRUFF,Ammoniojarosite,(NH4)Fe^3+^3(SO4)2(OH)6,Sulfates,2
RRUFF,Ammonioleucite,(NH4)(AlSi2O6),Silicates,2
RRUFF,Ammoniomathesiusite,(NH4)5(UO2)4(SO4)4(VO5)·4H2O,Sulfates,9
RRUFF,Ammoniozippeite,(NH4)2[(UO2)2(SO4)O2]·H2O,Sulfates,2
RRUFF,Amphibole,?,Unknown formula,6
RRUFF,Amurselite,(NH4)2(UO2)5(SeO3)3O2(OH)2(H2O)·8H2O,Oxides / hydroxides,2
RRUFF,Analcime,Na(AlSi2O6)·H2O,Silicates,76
RRUFF,Anapaite,Ca2Fe^2+^(PO4)2·4H2O,Phosphates,14
RRUFF,Anatase,TiO2,Oxides / hydroxides,42
RRUFF,Ancylite-(Ce),CeSr(CO3)2(OH)·H2O,Carbonates,6
RRUFF,Andalusite,Al2SiO5,Silicates,196
RRUFF,Andersonite,Na2Ca(UO2)(CO3)3·5-6H2O,Carbonates,8
RRUFF,Andradite,Ca3Fe^3+^2(SiO4)3,Silicates,165
RRUFF,Andreybulakhite,Ni(C2O4)·2H2O,Oxides / hydroxides,5
RRUFF,Anglesite,Pb(SO4),Sulfates,98
RRUFF,Anhydrite,Ca(SO4),Sulfates,71
RRUFF,Anilite,Cu7S4,Sulfides,12
RRUFF,Ankerite,"Ca(Fe^2+^,Mg)(CO3)2",Carbonates,52
RRUFF,Ankinovichite,NiAl4(V^5+^O3)2(OH)12·2H2O,Oxides / hydroxides,6
RRUFF,Annabergite,Ni3(AsO4)2·8H2O,Arsenates,14
RRUFF,Annite,KFe^2+^3(AlSi3O10)(OH)2,Silicates,80
RRUFF,Anorpiment,As2S3,Sulfides,6
RRUFF,Anorthite,Ca(Al2Si2O8),Silicates,155
RRUFF,Anorthoroselite,Ca2Co(AsO4)2·2H2O,Arsenates,6
RRUFF,Anthoinite,AlWO3(OH)3,Oxides / hydroxides,8
RRUFF,Anthophyllite,[box]Mg2Mg5Si8O22(OH)2,Silicates,8
RRUFF,Anthraxolite,?,Unknown formula,1
RRUFF,Antigorite,Mg3Si2O5(OH)4,Silicates,6
RRUFF,Antimony,Sb,Other classes,13
RRUFF,Antipinite,KNa3Cu2(C2O4)4,Oxides / hydroxides,6
RRUFF,Antlerite,Cu^2+^3(SO4)(OH)4,Sulfates,14
RRUFF,Apachite,Cu^2+^9Si10O29·11H2O,Silicates,8
RRUFF,Aphthitalite,K3Na(SO4)2,Sulfates,6
RRUFF,Apjohnite,Mn^2+^Al2(SO4)4·22H2O,Sulfates,6
RRUFF,Apuanite,(Fe^2+^Fe^3+^2)(Fe^3+^2Sb^3+^4)O12S,Oxides / hydroxides,6
RRUFF,Aqualite,"(H3O)8(Na,K,Sr)5Ca6Zr3Si26O66(OH)9Cl",Silicates,6
RRUFF,Aragonite,Ca(CO3),Carbonates,77
RRUFF,Arakiite,ZnMn^2+^12Fe^3+^2(As^3+^O3)(As^5+^O4)2(OH)23,Oxides / hydroxides,11
RRUFF,Aramayoite,"Ag3Sb2(Bi,Sb)S6",Sulfides,6
RRUFF,Arapovite,"(K1-x[box]x)(Ca,Na)2U^4+^Si8O20[x≈0.5]",Silicates,4
RRUFF,Aravaipaite,Pb3AlF9·H2O,Oxides / hydroxides,14
RRUFF,Ardealite,Ca2(PO3OH)(SO4)·4H2O,Sulfates,6
RRUFF,Ardennite-(As),Mn^2+^4Al4(AlMg)(AsO4)(SiO4)2(Si3O10)(OH)6,Silicates,6
RRUFF,Arfvedsonite,NaNa2(Fe^2+^4Fe^3+^)Si8O22(OH)2,Silicates,52
RRUFF,Argentobaumhauerite,Ag1.5Pb22As33.5S72,Sulfides,6
RRUFF,Argentojarosite,AgFe^3+^3(SO4)2(OH)6,Sulfates,16
RRUFF,Argentopyrite,AgFe2S3,Sulfides,22
RRUFF,Argyrodite,Ag8GeS6,Sulfides,8
RRUFF,Arhbarite,Cu2Mg(AsO4)(OH)3,Arsenates,8
RRUFF,Arisite-(La),NaLa2(CO3)2[F2x(CO3)1-x]F,Carbonates,8
RRUFF,Armalcolite,"(Mg,Fe^2+^)Ti2O5",Oxides / hydroxides,18
RRUFF,Armangite,Mn^2+^26[As^3+^6(OH)4O14][As^3+^6O18]2(CO3),Carbonates,12
RRUFF,Arrojadite-(KFe),(KNa)Fe^2+^(CaNa2)Fe^2+^13Al(PO4)11(PO3OH)(OH)2,Phosphates,7
RRUFF,Arrojadite-(KNa),KNa3(CaNa2)Fe^2+^13Al(PO4)11(PO3OH)(OH)2,Phosphates,8
RRUFF,Arrojadite-(NaFe),?,Unknown formula,8
RRUFF,Arsenbrackebuschite,"Pb2(Fe^3+^,Zn)(AsO4)2(OH,H2O)",Arsenates,6
RRUFF,Arsendescloizite,PbZn(AsO4)(OH),Arsenates,12
RRUFF,Arsenic,As,Other classes,8
RRUFF,Arseniopleite,NaCaMnMn2(AsO4)3,Arsenates,13
RRUFF,Arseniosiderite,Ca2Fe^3+^3O2(AsO4)3·3H2O,Arsenates,12
RRUFF,Arsenogorceixite,BaAl3(AsO4)(AsO3OH)(OH)6,Arsenates,8
RRUFF,Arsenohauchecornite,Ni18Bi3AsS16,Sulfides,7
RRUFF,Arsenolamprite,As,Other classes,6
RRUFF,Arsenolite,As2O3,Oxides / hydroxides,17
RRUFF,Arsenopyrite,FeAsS,Sulfides,51
RRUFF,Arsentsumebite,Pb2Cu(AsO4)(SO4)(OH),Arsenates,18
RRUFF,Arsenuranospathite,Al(UO2)2(AsO4)2F·20H2O,Arsenates,8
RRUFF,Artemisinin,?,Unknown formula,6
RRUFF,Artesunate,?,Unknown formula,24
RRUFF,Arthurite,CuFe^3+^2(AsO4)2(OH)2·4H2O,Arsenates,6
RRUFF,Artinite,Mg2(CO3)(OH)2·3H2O,Carbonates,16
RRUFF,Artroeite,PbAlF3(OH)2,Oxides / hydroxides,8
RRUFF,Asbecasite,Ca3TiAs6Be2Si2O20,Silicates,5
RRUFF,Asbolane,"Mn^4+^(O,OH)2·(Co,Ni,Mg,Ca)x(OH)2x·nH2O",Oxides / hydroxides,13
RRUFF,Aschamalmite,Pb6-3xBi2+xS9,Sulfides,8
RRUFF,Asgruvanite-(Ce),Ce16Ca5Al(SiO4)6(AsO3)8(CO3)2Cl4F3(OH)2,Silicates,3
RRUFF,Ashburtonite,HCu4Pb4Si4O12(HCO3)4(OH)4Cl,Silicates,12
RRUFF,Ashcroftine-(Y),K5Na5Y12Si28O70(OH)2(CO3)8·8H2O,Silicates,6
RRUFF,Asisite,Pb7SiO8Cl2,Silicates,6
RRUFF,Aspedamite,"[box]12(Fe^3+^,Fe^2+^)3Nb4[Th(Nb,Fe^3+^)12O42][(H2O),(OH)]12",Oxides / hydroxides,3
RRUFF,Aspirin,?,Unknown formula,27
RRUFF,Astrophyllite,K2NaFe^2+^7Ti2(Si4O12)2O2(OH)4F,Silicates,114
RRUFF,Atacamite,Cu2Cl(OH)3,Oxides / hydroxides,30
RRUFF,Atelestite,Bi2O(AsO4)(OH),Arsenates,8
RRUFF,Atelisite-(Y),Y4Si3O8(OH)8,Silicates,6
RRUFF,Atencioite,Ca2Fe^2+^3Mg2Be4(PO4)6(OH)4·6H2O,Phosphates,6
RRUFF,Atenolol,?,Unknown formula,12
RRUFF,Atorvastatin,?,Unknown formula,12
RRUFF,Attikaite,Ca3Cu2Al2(AsO4)4(OH)4·2H2O,Arsenates,7
RRUFF,Aubertite,Cu^2+^Al(SO4)2Cl·14H2O,Sulfates,6
RRUFF,Augelite,Al2(PO4)(OH)3,Phosphates,54
RRUFF,Augite,"(Ca,Mg,Fe)2Si2O6",Silicates,112
RRUFF,Aurichalcite,"(Zn,Cu)5(CO3)2(OH)6",Carbonates,14
RRUFF,Aurostibite,AuSb2,Other classes,5
RRUFF,Austinite,CaZn(AsO4)(OH),Arsenates,6
RRUFF,Avdoninite,K2Cu5Cl8(OH)4·2H2O,Oxides / hydroxides,13
RRUFF,Avicennite,Tl2O3,Oxides / hydroxides,6
RRUFF,Avogadrite,KBF4,Halides,6
RRUFF,Awaruite,Ni3Fe,Other classes,13
RRUFF,Axinite-(Fe),Ca4Fe^2+^2Al4[B2Si8O30](OH)2,Silicates,329
RRUFF,Axinite-(Mg),Ca4Mg2Al4[B2Si8O30](OH)2,Silicates,6
RRUFF,Axinite-(Mn),Ca4Mn^2+^2Al4[B2Si8O30](OH)2,Silicates,22
RRUFF,Azurite,Cu3(CO3)2(OH)2,Carbonates,80
RRUFF,Babingtonite,Ca2Fe^2+^Fe^3+^Si5O14(OH),Silicates,25
RRUFF,Baddeleyite,ZrO2,Oxides / hydroxides,83
RRUFF,Bahianite,Al5Sb^5+^3O14(OH)2,Oxides / hydroxides,14
RRUFF,Bairdite,Pb2Cu^2+^4Te^6+^2O10(OH)2(SO4)·H2O,Sulfates,9
RRUFF,Bakerite,Ca4B5(SiO4)3(O3(OH)5),Silicates,8
RRUFF,Bakhchisaraitsevite,Na2Mg5(PO4)4·7H2O,Phosphates,6
RRUFF,Balangeroite,Mg21Si8O27(OH)20,Silicates,6
RRUFF,Bannisterite,"(Ca,K,Na)(Mn^2+^,Fe^2+^)10(Si,Al)16O38(OH)8·nH2O",Silicates,6
RRUFF,Baotite,"Ba4(Ti,Nb,W)8O16(SiO3)4Cl",Silicates,14
RRUFF,Barbosalite,Fe^2+^Fe^3+^2(PO4)2(OH)2,Phosphates,6
RRUFF,Bariandite,"Al0.6(V^5+^,V^4+^)8O20·9H2O",Oxides / hydroxides,6
RRUFF,Baricite,"(Mg,Fe)3(PO4)2·8H2O",Phosphates,6
RRUFF,Bario-olgite,"Na(Na,Sr,Ce)2Ba(PO4)2",Phosphates,6
RRUFF,Barioperovskite,BaTiO3,Oxides / hydroxides,4
RRUFF,Bariopharmacosiderite,Ba0.5Fe^3+^4(AsO4)3(OH)4·5H2O,Arsenates,6
RRUFF,Barlowite,Cu4BrF(OH)6,Oxides / hydroxides,6
RRUFF,Barnesite,Na2V^5+^6O16·3H2O,Oxides / hydroxides,3
RRUFF,Barrerite,Na2(Si7Al2)O18·6H2O,Silicates,32
RRUFF,Barringerite,"(Fe,Ni)2P",Other classes,8
RRUFF,Bartelkeite,PbFe^2+^Ge(Ge2O7)(OH)2·H2O,Oxides / hydroxides,6
RRUFF,Barylite,BaBe2Si2O7,Silicates,15
RRUFF,Barysilite,Pb8Mn(Si2O7)3,Silicates,37
RRUFF,Baryte,Ba(SO4),Sulfates,222
RRUFF,Barytocalcite,BaCa(CO3)2,Carbonates,16
RRUFF,Barytolamprophyllite,(BaK)Ti2Na3Ti(Si2O7)2O2(OH)2,Silicates,8
RRUFF,Bassetite,Fe^2+^(UO2)2(PO4)2(H2O)10,Phosphates,7
RRUFF,Bastnasite-(Ce),Ce(CO3)F,Carbonates,31
RRUFF,Bastnasite-(La),La(CO3)F,Carbonates,5
RRUFF,Baumhauerite,Pb12As16S36,Sulfides,8
RRUFF,Bavenite,Ca4Be2+xAl2-xSi9O26-x(OH)2+x(x=0to1),Silicates,24
RRUFF,Bavsiite,Ba2V2O2[Si4O12],Silicates,6
RRUFF,Bayldonite,Cu3PbO(AsO3OH)2(OH)2,Sulfates,14
RRUFF,Bayleyite,Mg2(UO2)(CO3)3·18H2O,Carbonates,6
RRUFF,Bazhenovite,Ca8S5(S2O3)(OH)12·20H2O,Oxides / hydroxides,6
RRUFF,Beaverite-(Cu),Pb(Fe^3+^2Cu)(SO4)2(OH)6,Sulfates,6
RRUFF,Behierite,Ta(BO4),Borates,6
RRUFF,Behoite,Be(OH)2,Oxides / hydroxides,20
RRUFF,Belakovskiite,Na7(UO2)(SO4)4(SO3OH)(H2O)3,Sulfates,2
RRUFF,Belendorffite,Cu7Hg6,Other classes,7
RRUFF,Bellbergite,"(K,Ba,Sr)2Sr2Ca2(Ca,Na)4(Si,Al)36O72·30H2O",Silicates,6
RRUFF,Bellingerite,Cu3(IO3)6·2H2O,Oxides / hydroxides,8
RRUFF,Belovite-(Ce),NaCeSr3(PO4)3F,Phosphates,4
RRUFF,Benavidesite,Pb4MnSb6S14,Sulfides,6
RRUFF,Bendadaite,Fe^2+^Fe^3+^2(AsO4)2(OH)2·4H2O,Arsenates,8
RRUFF,Benitoite,BaTiSi3O9,Silicates,18
RRUFF,Benjaminite,Ag3Bi7S12,Sulfides,7
RRUFF,Benleonardite,"Ag15Cu(Sb,As)2S7Te4",Sulfides,8
RRUFF,Benstonite,Ba6Ca6Mg(CO3)13,Carbonates,8
RRUFF,Benyacarite,(H2O)2Mn2(Ti2Fe^3+^)(PO4)4(OF)(H2O)10·4H2O,Phosphates,6
RRUFF,Beraunite,Fe^3+^6(PO4)4O(OH)4·6H2O,Phosphates,12
RRUFF,Berborite,Be2(BO3)(OH)·H2O,Borates,2
RRUFF,Bergslagite,CaBe(AsO4)(OH),Arsenates,6
RRUFF,Berlinite,Al(PO4),Phosphates,6
RRUFF,Bermanite,Mn^2+^Mn^3+^2(PO4)2(OH)2·4H2O,Phosphates,6
RRUFF,Bernardevansite,Al2(Se^4+^O3)3·6H2O,Oxides / hydroxides,6
RRUFF,Berndlehmannite,Cu(CrV)S4,Sulfides,2
RRUFF,Berthierine,"(Fe^2+^,Fe^3+^,Al)3(Si,Al)2O5(OH)4",Silicates,6
RRUFF,Berthierite,FeSb2S4,Sulfides,7
RRUFF,Bertossaite,Li2CaAl4(PO4)4(OH)4,Phosphates,6
RRUFF,Bertrandite,Be4Si2O7(OH)2,Silicates,38
RRUFF,Beryl,Be3Al2Si6O18,Silicates,292
RRUFF,Beryllonite,NaBe(PO4),Phosphates,28
RRUFF,Berzelianite,Cu2-xSe(x≈0.12),Other classes,14
RRUFF,Berzeliite,(NaCa2)Mg2(AsO4)3,Arsenates,6
RRUFF,Betekhtinite,"(Cu,Fe)21Pb2S15",Sulfides,6
RRUFF,Betpakdalite-CaMg,[Ca2(H2O)17Mg(H2O)6][Mo^6+^8As^5+^2Fe^3+^3O36(OH)],Oxides / hydroxides,6
RRUFF,Beudantite,PbFe^3+^3(AsO4)(SO4)(OH)6,Arsenates,39
RRUFF,Beusite,Mn^2+^Mn^2+^2(PO4)2,Phosphates,6
RRUFF,Bianchite,Zn(SO4)·6H2O,Sulfates,7
RRUFF,Bieberite,Co(SO4)·7H2O,Sulfates,8
RRUFF,Bigcreekite,BaSi2O5·4H2O,Silicates,8
RRUFF,Bikitaite,LiAlSi2O6·H2O,Silicates,62
RRUFF,Bilinite,Fe^2+^Fe^3+^2(SO4)4·22H2O,Sulfates,7
RRUFF,Billietite,Ba(UO2)6O4(OH)6·8H2O,Oxides / hydroxides,15
RRUFF,Billingsleyite,Ag7AsS6,Sulfides,6
RRUFF,Bindheimite,Pb2Sb^5+^2O7,Oxides / hydroxides,8
RRUFF,Biphosphammite,(NH4)H2(PO4),Phosphates,17
RRUFF,Birchite,Cd2Cu2(PO4)2(SO4)·5H2O,Phosphates,6
RRUFF,Bisbeeite,?,Unknown formula,6
RRUFF,Bismite,Bi2O3,Oxides / hydroxides,7
RRUFF,Bismoclite,BiOCl,Oxides / hydroxides,6
RRUFF,Bismuth,Bi,Other classes,13
RRUFF,Bismuthinite,Bi2S3,Sulfides,18
RRUFF,Bismutite,Bi2O2(CO3),Carbonates,12
RRUFF,Bismutotantalite,BiTaO4,Oxides / hydroxides,12
RRUFF,Bixbyite-(Fe),Fe^3+^2O3,Oxides / hydroxides,2
RRUFF,Bjarebyite,BaMn^2+^2Al2(PO4)3(OH)3,Phosphates,12
RRUFF,Blatonite,(UO2)(CO3)·H2O,Carbonates,2
RRUFF,Blixite,Pb8O5(OH)2Cl4,Oxides / hydroxides,6
RRUFF,Blodite,Na2Mg(SO4)2·4H2O,Sulfates,15
RRUFF,Bobdownsite,Ca9Mg(PO3F)(PO4)6,Phosphates,54
RRUFF,Bobfergusonite,[box]Na2Mn^2+^5Fe^3+^Al(PO4)6,Phosphates,6
RRUFF,Bobierrite,Mg3(PO4)2·8H2O,Phosphates,6
RRUFF,Bobjonesite,V^4+^O(SO4)·3H2O,Sulfates,12
RRUFF,Bobkingite,Cu5Cl2(OH)8·2H2O,Oxides / hydroxides,6
RRUFF,Bobmeyerite,Pb4(Al3Cu)(Si4O12)(S0.5Si0.5O4)(OH)7Cl(H2O)3,Silicates,6
RRUFF,Bobtraillite,"(Na,[box])12([box],Na)12Sr12Zr14(Si3O9)10[Si2BO7(OH)2]6·12H2O",Silicates,7
RRUFF,Bohmite,AlO(OH),Oxides / hydroxides,16
RRUFF,Bokite,"(Al,Fe)1.3(V^5+^,V^4+^,Fe^3+^)8O20·7.5H2O",Oxides / hydroxides,2
RRUFF,Boleite,KAg9Pb26Cu24Cl62(OH)48,Oxides / hydroxides,22
RRUFF,Boltwoodite,"(K,Na)(UO2)(SiO3OH)·1.5H2O",Silicates,6
RRUFF,Bonattite,Cu(SO4)·3H2O,Sulfates,12
RRUFF,Bonazziite,As4S4,Sulfides,6
RRUFF,Boojumite,Pb8O4(OH)2(S2O3)3,Oxides / hydroxides,3
RRUFF,Boracite,Mg3B7O13Cl,Oxides / hydroxides,14
RRUFF,Borax,Na2B4O5(OH)4·8H2O,Oxides / hydroxides,8
RRUFF,Borcarite,Ca4MgB4O6(CO3)2(OH)6,Carbonates,12
RRUFF,Bornite,Cu5FeS4,Sulfides,12
RRUFF,Borocookeite,LiAl4(Si3B)O10(OH)8,Silicates,8
RRUFF,Boromuscovite,KAl2(Si3B)O10(OH)2,Silicates,6
RRUFF,Bortolanite,Ca2(Ca1.5Zr0.5)Na(NaCa)Ti(Si2O7)2(OF)F2,Silicates,2
RRUFF,Botallackite,Cu2Cl(OH)3,Oxides / hydroxides,12
RRUFF,Botryogen,MgFe^3+^(SO4)2(OH)·7H2O,Sulfates,14
RRUFF,Bottinoite,NiSb^5+^2(OH)12·6H2O,Oxides / hydroxides,6
RRUFF,Boulangerite,Pb5Sb4S11,Sulfides,4
RRUFF,Bournonite,CuPbSbS3,Sulfides,46
RRUFF,Bouskaite,(MoO2)2O(SO3OH)2(H2O)2·2H2O,Sulfates,6
RRUFF,Boussingaultite,(NH4)2Mg(SO4)2·6H2O,Sulfates,12
RRUFF,Bowieite,Rh2S3,Sulfides,7
RRUFF,Braccoite,NaMn^2+^5[Si5O14(OH)](AsO3)(OH),Silicates,3
RRUFF,Brackebuschite,Pb2Mn^3+^(VO4)2(OH),Vanadates,14
RRUFF,Bradaczekite,NaCuCuCu2(AsO4)3,Arsenates,7
RRUFF,Braggite,PdPt3S4,Sulfides,8
RRUFF,Braitschite-(Ce),"Ca6.15Na0.85REE2.08[B6O7(OH)3(O,OH)3]4·H2O",Oxides / hydroxides,8
RRUFF,Brandtite,Ca2Mn^2+^(AsO4)2·2H2O,Arsenates,6
RRUFF,Brannerite,UTi2O6,Oxides / hydroxides,10
RRUFF,Brannockite,KSn2(Li3Si12)O30,Silicates,14
RRUFF,Brassite,Mg(AsO3OH)·4H2O,Sulfates,6
RRUFF,Braunite,Mn^2+^Mn^3+^6O8(SiO4),Silicates,86
RRUFF,Brazilianite,NaAl3(PO4)2(OH)4,Phosphates,121
RRUFF,Breithauptite,NiSb,Other classes,6
RRUFF,Brendelite,"(Bi,Pb)2(Fe^3+^,Fe^2+^)O2(OH)(PO4)",Phosphates,6
RRUFF,Brenkite,Ca2(CO3)F2,Carbonates,8
RRUFF,Brewsterite-Ba,Ba(Al2Si6)O16·5H2O,Silicates,6
RRUFF,Brewsterite-Sr,Sr(Al2Si6)O16·5H2O,Silicates,7
RRUFF,Brezinaite,Cr3S4,Sulfides,7
RRUFF,Brianyoungite,Zn3(CO3)(OH)4,Carbonates,6
RRUFF,Britholite-(Ce),"(Ce,Ca)5(SiO4)3(OH)",Silicates,5
RRUFF,Britvinite,Pb14Mg9(Si10O28)(BO3)4(CO3)2(OH)12F2,Silicates,7
RRUFF,Brizziite,NaSbO3,Borates,8
RRUFF,Brochantite,Cu4(SO4)(OH)6,Sulfates,22
RRUFF,Bromargyrite,AgBr,Halides,14
RRUFF,Bromellite,BeO,Oxides / hydroxides,2
RRUFF,Brookite,TiO2,Oxides / hydroxides,72
RRUFF,Brownmillerite,Ca2Fe^3+^AlO5,Oxides / hydroxides,6
RRUFF,Brucite,Mg(OH)2,Oxides / hydroxides,32
RRUFF,Brunogeierite,Fe^2+^2Ge^4+^O4,Oxides / hydroxides,8
RRUFF,Brushite,Ca(PO3OH)·2H2O,Oxides / hydroxides,6
RRUFF,Buddingtonite,(NH4)(AlSi3)O8,Silicates,6
RRUFF,Bukovskyite,Fe^3+^2(AsO4)(SO4)(OH)·7H2O,Arsenates,6
RRUFF,Bulachite,Al6(AsO4)3(OH)9(H2O)4·2H2O,Arsenates,6
RRUFF,Bultfonteinite,Ca2SiO3(OH)F·H2O,Silicates,8
RRUFF,Bunsenite,NiO,Oxides / hydroxides,8
RRUFF,Burangaite,NaFe^2+^Al5(PO4)4(OH)6·2H2O,Phosphates,6
RRUFF,Burbankite,"(Na,Ca)3(Sr,Ba,Ce)3(CO3)5",Carbonates,19
RRUFF,Burkeite,Na4(SO4)(CO3),Carbonates,8
RRUFF,Burroite,Ca2(NH4)2(V10O28)·15H2O,Oxides / hydroxides,3
RRUFF,Buseckite,"(Fe,Zn,Mn)S",Sulfides,2
RRUFF,Buserite,Na4Mn14O27·21H2O(?),Oxides / hydroxides,8
RRUFF,Bussyite-(Ce),"(Ce,REE)3(Na,H2O)6MnSi9Be5(O,OH)30F4",Silicates,8
RRUFF,Bustamite,Mn2Ca2MnCa(Si3O9)2,Silicates,56
RRUFF,Butlerite,Fe^3+^(SO4)(OH)·2H2O,Sulfates,6
RRUFF,Buttgenbachite,Cu36(NO3)2Cl8(OH)62·nH2O,Nitrates,8
RRUFF,Bystrite,Na7Ca(Al6Si6)O24(S5)^2-^Cl^1-^,Silicates,6
RRUFF,Cabalzarite,CaMg2(AsO4)2·2H2O,Arsenates,6
RRUFF,Cabrerite,NiMg2(AsO4)2·8H2O,Arsenates,3
RRUFF,Cacoxenite,Fe^3+^24AlO6(PO4)17(OH)12·75H2O,Phosphates,6
RRUFF,Cadmoindite,CdIn2S4,Sulfides,6
RRUFF,Cafarsite,"(Ca,Na,[box])19Ti8Fe^3+^4Fe^2+^4(AsO3)28F",Sulfates,8
RRUFF,Cafetite,CaTi2O5·H2O,Oxides / hydroxides,6
RRUFF,Caffeine,?,Unknown formula,6
RRUFF,Cahnite,Ca2B(AsO4)(OH)4,Arsenates,12
RRUFF,Cairncrossite,Sr2Ca7-xNa2x(Si4O10)4(OH)2(H2O)15-x,Silicates,3
RRUFF,Calaverite,AuTe2,Other classes,20
RRUFF,Calcioancylite-(Ce),"(Ce,Ca,Sr)(CO3)(OH,H2O)",Carbonates,16
RRUFF,Calcioancylite-(La),(LaCa)(CO3)2(OH)(H2O),Carbonates,2
RRUFF,Calcioaravaipaite,PbCa2AlF9,Halides,6
RRUFF,Calcioburbankite,"Na3(Ca,Ce,Sr,La)3(CO3)5",Carbonates,13
RRUFF,Calcioferrite,Ca4MgFe^3+^4(PO4)6(OH)4·12H2O,Phosphates,6
RRUFF,Calciouranoite,"(Ca,Ba,Pb,K,Na)U2O7·5H2O",Oxides / hydroxides,5
RRUFF,Calcite,Ca(CO3),Carbonates,187
RRUFF,Calcurmolite,(Ca1-xNax)2(UO2)3(MoO4)2(OH)6-x·nH2O,Molybdates,6
RRUFF,Calderonite,Pb2Fe^3+^(VO4)2(OH),Vanadates,12
RRUFF,Caledonite,Cu2Pb5(SO4)3(CO3)(OH)6,Carbonates,12
RRUFF,CaLiBO3,?,Unknown formula,6
RRUFF,Callaghanite,Cu2Mg2(CO3)(OH)6·2H2O,Carbonates,8
RRUFF,Calomel,HgCl,Halides,12
RRUFF,Calzirtite,Ca2Zr5Ti2O16,Oxides / hydroxides,8
RRUFF,Camanchacaite,Na[box]CaMg2(AsO4)2[AsO2(OH)2],Arsenates,3
RRUFF,Camaronesite,Fe^3+^2(PO3OH)2(SO4)(H2O)4·1-2H2O,Sulfates,6
RRUFF,Cancrinite,"(Na,Ca,[box])8(Al6Si6)O24(CO3,SO4)2·2H2O",Silicates,30
RRUFF,Cannizzarite,Pb8Bi10S23,Sulfides,2
RRUFF,Canosioite,Ba2Fe^3+^(AsO4)2(OH),Arsenates,2
RRUFF,Carboferriphoxite,[(NH4)K(H2CO3)][Fe^3+^(HPO4)(H2PO4)(C2O4)],Carbonates,3
RRUFF,Carbonatecyanotrichite,Cu4Al2(CO3)(OH)12·2H2O,Carbonates,6
RRUFF,Caresite,Fe^2+^4Al2(OH)12(CO3)·3H2O,Carbonates,8
RRUFF,Carletonite,"KNa4Ca4Si8O18(CO3)4(F,OH)·H2O",Silicates,8
RRUFF,Carlosbarbosaite,(UO2)2Nb2O6(OH)2·2H2O,Oxides / hydroxides,8
RRUFF,Carlosturanite,"(Mg,Fe^2+^,Ti)21(Si,Al)12O28(OH)34·H2O",Silicates,8
RRUFF,Carlsonite,(NH4)5Fe^3+^3O(SO4)6·7H2O,Sulfates,6
RRUFF,Carminite,PbFe^3+^2(AsO4)2(OH)2,Arsenates,14
RRUFF,Carnallite,KMgCl3·6H2O,Oxides / hydroxides,12
RRUFF,Carnotite,K2(UO2)2(VO4)2·3H2O,Vanadates,20
RRUFF,Carpathite,C24H12,Other classes,14
RRUFF,Carpholite,Mn^2+^Al2Si2O6(OH)4,Silicates,5
RRUFF,Carraraite,Ca3Ge(SO4)(CO3)(OH)6·12H2O,Carbonates,6
RRUFF,Carrollite,CuCo2S4,Sulfides,36
RRUFF,Caryinite,NaCaCaMn2(AsO4)3,Arsenates,6
RRUFF,Caryochroite,"(Na,Sr)3(Fe^3+^,Mg)10Ti2Si12O37(H2O,O,OH)17",Silicates,7
RRUFF,Caryopilite,Mn^2+^3Si2O5(OH)4,Silicates,7
RRUFF,Cascandite,CaScSi3O8(OH),Silicates,6
RRUFF,Cassiterite,SnO2,Oxides / hydroxides,93
RRUFF,Castellaroite,Mn^2+^3(AsO4)2·4.5H2O,Arsenates,3
RRUFF,Catapleiite,Na2Zr(Si3O9)·2H2O,Silicates,114
RRUFF,Cattierite,CoS2,Sulfides,6
RRUFF,Cavansite,Ca(V^4+^O)(Si4O10)·4H2O,Silicates,10
RRUFF,Caysichite-(Y),"(Ca,Yb,Er)4Y4(Si8O20)(CO3)6(OH)·7H2O",Silicates,7
RRUFF,Cebaite-(Ce),Ba3Ce2(CO3)5F2,Carbonates,6
RRUFF,Cechite,PbFe^2+^(VO4)(OH),Vanadates,8
RRUFF,Celestine,Sr(SO4),Sulfates,64
RRUFF,Celsian,Ba(Al2Si2O8),Silicates,52
RRUFF,Cerianite-(Ce),CeO2,Oxides / hydroxides,10
RRUFF,Cerite-(CeCa),(Ce7Ca2)[box]Mg(SiO4)3(SiO3OH)4(OH)3,Silicates,11
RRUFF,Cernyite,Cu2CdSnS4,Sulfides,6
RRUFF,Ceruleite,CuAl4(AsO4)2(OH)8(H2O)4,Arsenates,6
RRUFF,Cerussite,Pb(CO3),Carbonates,192
RRUFF,Cervandonite-(Ce),"(Ce,Nd,La)(Fe^3+^,Ti,Fe^2+^,Al)3O2(Si2O7)1-x+y(AsO3)1+x-y(OH)3x-3y",Silicates,6
RRUFF,Cervantite,Sb^3+^Sb^5+^O4,Oxides / hydroxides,12
RRUFF,Cesbronite,Cu3Te^6+^O4(OH)4,Oxides / hydroxides,12
RRUFF,Chabazite-Ca,Ca2[Al4Si8O24]·13H2O,Silicates,76
RRUFF,Chabazite-K,(K2NaCa0.5)[Al4Si8O24]·11H2O,Silicates,6
RRUFF,Chabazite-Na,(Na3K)[Al4Si8O24]·11H2O,Silicates,14
RRUFF,Chabourneite,"AgzTl8-x-zPb4+2xSb40-x-yAsyS68(with0.00≤x≤0.40,16.15≤y≤19.11,0.04≤z≤0.11)",Sulfides,12
RRUFF,Chalcanthite,Cu(SO4)·5H2O,Sulfates,32
RRUFF,Chalcoalumite,CuAl4(SO4)(OH)12·3H2O,Sulfates,6
RRUFF,Chalcocite,Cu2S,Sulfides,36
RRUFF,Chalcomenite,Cu(Se^4+^O3)·2H2O,Oxides / hydroxides,12
RRUFF,Chalconatronite,Na2Cu(CO3)2·3H2O,Carbonates,13
RRUFF,Chalcophanite,ZnMn^4+^3O7·3H2O,Oxides / hydroxides,24
RRUFF,Chalcophyllite,Cu18Al2(AsO4)4(SO4)3(OH)24·36H2O,Arsenates,6
RRUFF,Chalcopyrite,CuFeS2,Sulfides,49
RRUFF,Chalcosiderite,CuFe^3+^6(PO4)4(OH)8·4H2O,Phosphates,12
RRUFF,Chalcostibite,CuSbS2,Sulfides,8
RRUFF,Chambersite,Mn3B7O13Cl,Oxides / hydroxides,15
RRUFF,Chamosite,"(Fe^2+^,Mg,Al,Fe^3+^)6(Si,Al)4O10(OH,O)8",Silicates,16
RRUFF,Changoite,Na2Zn(SO4)2·4H2O,Sulfates,6
RRUFF,Chapmanite,Fe^3+^2Sb^3+^(Si2O5)O3(OH),Silicates,6
RRUFF,Charoite,"(K,Sr,Ba,Mn)15-16(Ca,Na)32[Si70(O,OH)180](OH,F)4·nH2O",Silicates,14
RRUFF,Chayesite,KMg4Fe^3+^[Si12O30],Silicates,16
RRUFF,Chenevixite,CuFe^3+^(AsO4)(OH)2,Arsenates,23
RRUFF,Chenite,CuPb4(SO4)2(OH)6,Sulfates,12
RRUFF,Chenowethite,Mg(H2O)6[(UO2)2(SO4)2(OH)2]·5H2O,Sulfates,3
RRUFF,Chernovite-(Y),Y(AsO4),Arsenates,8
RRUFF,Cherokeeite,[Pb2Zn(OH)4](SO4)·H2O,Sulfates,3
RRUFF,Chervetite,Pb2V^5+^2O7,Oxides / hydroxides,8
RRUFF,Chesnokovite,Na2SiO2(OH)2·8H2O,Silicates,8
RRUFF,Chestermanite,"Mg2(Fe^3+^,Mg,Al,Sb^5+^)O2(BO3)",Borates,6
RRUFF,Chevkinite-(Ce),"Ce4(Ti,Fe^2+^,Fe^3+^)5O8(Si2O7)2",Silicates,12
RRUFF,Chiavennite,CaMn^2+^(BeOH)2Si5O13·2H2O,Silicates,6
RRUFF,Childrenite,Fe^2+^Al(PO4)(OH)2·H2O,Phosphates,15
RRUFF,Chinchorroite,Na2Mg5(As2O7)2(AsO3OH)2(H2O)10,Sulfates,3
RRUFF,Chiolite,Na5Al3F14,Halides,8
RRUFF,Chistyakovaite,Al(UO2)2(AsO4)2F·6.5H2O,Arsenates,6
RRUFF,Chkalovite,Na2BeSi2O6,Silicates,6
RRUFF,Chlorapatite,Ca5(PO4)3Cl,Phosphates,8
RRUFF,Chlorargyrite,AgCl,Halides,2
RRUFF,Chlorartinite,Mg2(CO3)Cl(OH)·2.5H2O,Carbonates,8
RRUFF,Chlorbartonite,K6Fe24S26Cl,Halides,15
RRUFF,Chloritoid,Fe^2+^Al2O(SiO4)(OH)2,Silicates,80
RRUFF,Chlormayenite,Ca12Al14O32[[box]4Cl2],Oxides / hydroxides,2
RRUFF,Chlorophoenicite,"(Mn,Mg,Zn)3Zn2(AsO4)(OH,O)6",Arsenates,6
RRUFF,Chloroquine diphosphate,?,Unknown formula,6
RRUFF,Chloroxiphite,Pb3CuO2Cl2(OH)2,Oxides / hydroxides,6
RRUFF,Choloalite,"(Pb,Ca)3(Cu,Sb)3Te6O18Cl",Oxides / hydroxides,8
RRUFF,Chondrodite,Mg5(SiO4)2F2,Silicates,46
RRUFF,Christelite,Zn3Cu2(SO4)2(OH)6·4H2O,Sulfates,6
RRUFF,Christofschaferite-(Ce),"(Ce,La,Ca)4Mn(Ti,Fe)3(Fe,Ti)(Si2O7)2O8",Silicates,6
RRUFF,Chromatite,CaCr^6+^O4,Oxides / hydroxides,2
RRUFF,Chromite,Fe^2+^Cr2O4,Oxides / hydroxides,12
RRUFF,Chrysoberyl,BeAl2O4,Oxides / hydroxides,70
RRUFF,Chrysocolla,(Cu2-xAlx)H2-xSi2O5(OH)4·nH2O,Silicates,14
RRUFF,Chrysotile,Mg3Si2O5(OH)4,Silicates,14
RRUFF,Chukhrovite-(Ca),Ca3Ca1.5Al2(SO4)F13·12H2O,Sulfates,1
RRUFF,Chukhrovite-(Nd),Ca3NdAl2(SO4)F13·12H2O,Sulfates,8
RRUFF,Churchite-(Y),Y(PO4)·2H2O,Phosphates,8
RRUFF,Cianciulliite,Mg2Mn^2+^Zn2(OH)10·2-4H2O,Oxides / hydroxides,6
RRUFF,Cinnabar,HgS,Sulfides,13
RRUFF,Claraite,"(Cu,Zn)15(CO3)4(AsO4)2(SO4)(OH)14·7H2O",Carbonates,6
RRUFF,Claringbullite,Cu^2+^4FCl(OH)6,Oxides / hydroxides,16
RRUFF,Claudetite,As2O3,Oxides / hydroxides,7
RRUFF,Clausthalite,PbSe,Other classes,8
RRUFF,Cleusonite,"Pb(U^4+^,U^6+^)Fe^2+^2(Ti,Fe^2+^,Fe^3+^)18(O,OH)38",Oxides / hydroxides,6
RRUFF,Cliffordite,UTe^4+^3O9,Oxides / hydroxides,6
RRUFF,Clino-ferro-suenoite,[box]Mn^2+^2Fe^2+^5(Si8O22)(OH)2,Silicates,6
RRUFF,Clinoatacamite,Cu2Cl(OH)3,Oxides / hydroxides,24
RRUFF,Clinobisvanite,Bi(VO4),Vanadates,6
RRUFF,Clinocervantite,Sb^3+^Sb^5+^O4,Oxides / hydroxides,6
RRUFF,Clinochalcomenite,CuSe^4+^O3(H2O)2,Oxides / hydroxides,6
RRUFF,Clinochlore,Mg5Al(AlSi3O10)(OH)8,Silicates,36
RRUFF,Clinoclase,Cu3(AsO4)(OH)3,Arsenates,14
RRUFF,Clinoenstatite,Mg2Si2O6,Silicates,14
RRUFF,Clinofergusonite-(Ce),CeNbO4,Borates,18
RRUFF,Clinofergusonite-(Y),YNbO4,Borates,14
RRUFF,Clinoferroholmquistite,"[box]Li2[Fe^2+^3Al2]Si8O22(OH,F)2",Silicates,6
RRUFF,Clinoferrosilite,Fe^2+^2Si2O6,Silicates,6
RRUFF,Clinohedrite,CaZn(SiO4)·H2O,Silicates,15
RRUFF,Clinohumite,Mg9(SiO4)4F2,Silicates,61
RRUFF,Clinophosinaite,Na3Ca(SiO3)(PO4),Silicates,4
RRUFF,Clinoptilolite-Ca,Ca3(Si30Al6)O72·20H2O,Silicates,46
RRUFF,Clinoptilolite-K,K6(Si30Al6)O72·20H2O,Silicates,6
RRUFF,Clinoptilolite-Na,Na6(Si30Al6)O72·20H2O,Silicates,40
RRUFF,Clinosafflorite,CoAs2,Other classes,6
RRUFF,Clinozoisite,Ca2Al3[Si2O7][SiO4]O(OH),Silicates,81
RRUFF,Clintonite,CaAlMg2(SiAl3O10)(OH)2,Silicates,18
RRUFF,Coalingite,Mg10Fe^3+^2(CO3)(OH)24·2H2O,Carbonates,12
RRUFF,Cobaltarthurite,CoFe^3+^2(AsO4)2(OH)2·4H2O,Arsenates,7
RRUFF,Cobaltaustinite,CaCo(AsO4)(OH),Arsenates,8
RRUFF,Cobaltite,CoAsS,Sulfides,19
RRUFF,Cobaltlotharmeyerite,CaCo2(AsO4)2·2H2O,Arsenates,6
RRUFF,Cobaltomenite,Co(Se^4+^O3)·2H2O,Oxides / hydroxides,13
RRUFF,Coconinoite,Fe^3+^2Al2(UO2)2(PO4)4(SO4)(OH)2·20H2O,Phosphates,6
RRUFF,Coesite,SiO2,Silicates,7
RRUFF,Coffinite,U(SiO4)·nH2O,Silicates,6
RRUFF,Cohenite,CFe3,Other classes,6
RRUFF,Colchicine,?,Unknown formula,12
RRUFF,Colemanite,CaB3O4(OH)3·H2O,Oxides / hydroxides,48
RRUFF,Colinowensite,BaCuSi2O6,Silicates,4
RRUFF,Collinsite,Ca2Mg(PO4)2·2H2O,Phosphates,22
RRUFF,Coloradoite,HgTe,Other classes,6
RRUFF,Colquiriite,CaLiAlF6,Halides,6
RRUFF,Columbite-(Fe),Fe^2+^Nb2O6,Oxides / hydroxides,70
RRUFF,Columbite-(Mn),Mn^2+^Nb2O6,Oxides / hydroxides,10
RRUFF,Colusite,Cu13VAs3S16,Sulfides,6
RRUFF,Comancheite,"Hg^2+^55N^3-^24(NH2,OH)4(Cl,Br)34",Oxides / hydroxides,6
RRUFF,Congolite,Fe^2+^3B7O13Cl,Oxides / hydroxides,12
RRUFF,Conichalcite,CaCu(AsO4)(OH),Arsenates,43
RRUFF,Connellite,Cu36(SO4)(OH)62Cl8·6H2O,Sulfates,7
RRUFF,Cookeite,"(Al,Li)3Al2(Si,Al)4O10(OH)8",Silicates,6
RRUFF,Copiapite,Fe^2+^Fe^3+^4(SO4)6(OH)2·20H2O,Sulfates,6
RRUFF,Copper,Cu,Other classes,11
RRUFF,Coquimbite,AlFe3(SO4)6(H2O)12·6H2O,Sulfates,19
RRUFF,Corderoite,Hg3S2Cl2,Halides,12
RRUFF,Cordierite,Mg2Al4Si5O18,Silicates,112
RRUFF,Cordylite-(Ce),"(Na,Ca,[box])BaCe2(CO3)4(F,O)",Carbonates,5
RRUFF,Corkite,PbFe^3+^3(SO4)(PO4)(OH)6,Phosphates,18
RRUFF,Cornetite,Cu3(PO4)(OH)3,Phosphates,15
RRUFF,Cornwallite,Cu5(AsO4)2(OH)4,Arsenates,14
RRUFF,Coronadite,Pb(Mn^4+^6Mn^3+^2)O16,Oxides / hydroxides,20
RRUFF,Correianevesite,Fe^2+^Mn^2+^2(PO4)2·3H2O,Phosphates,20
RRUFF,Corundum,Al2O3,Oxides / hydroxides,137
RRUFF,Corvusite,"(Na,Ca,K)1-x(V^5+^,V^4+^,Fe^2+^)8O20·4H2O",Oxides / hydroxides,10
RRUFF,Cosalite,Pb2Bi2S5,Sulfides,18
RRUFF,Cotunnite,PbCl2,Halides,6
RRUFF,Covellite,CuS,Sulfides,70
RRUFF,Cowlesite,Ca(Al2Si3)O10·5-6H2O,Silicates,6
RRUFF,Coyoteite,NaFe3S5·2H2O,Oxides / hydroxides,6
RRUFF,Crandallite,CaAl3(PO4)(PO3OH)(OH)6,Phosphates,6
RRUFF,Creaseyite,Cu2Pb2Fe^3+^2Si5O17·6H2O,Silicates,14
RRUFF,Crednerite,CuMnO2,Oxides / hydroxides,6
RRUFF,Creedite,Ca3Al2(SO4)(OH)2F8·2H2O,Sulfates,40
RRUFF,Crichtonite,"Sr(Mn,Y,U)Fe2(Ti,Fe,Cr,V)18(O,OH)38",Oxides / hydroxides,14
RRUFF,Cristobalite,SiO2,Silicates,22
RRUFF,Crocoite,Pb(CrO4),Oxides / hydroxides,99
RRUFF,Cronstedtite,"(Fe^2+^,Fe^3+^)3(Si,Fe^3+^)2O5(OH)4",Silicates,6
RRUFF,Crookesite,Cu7TlSe4,Other classes,6
RRUFF,Cryolite,Na2NaAlF6,Halides,20
RRUFF,Cryolithionite,Na3Al2(LiF4)3,Halides,8
RRUFF,Cuatrocapaite-(NH4),(NH4)3(NaMg[box])(As2O3)6Cl6·16H2O,Oxides / hydroxides,3
RRUFF,Cubanite,CuFe2S3,Sulfides,6
RRUFF,Cubic zirconia,?,Unknown formula,29
RRUFF,Cubothioplumbite,[Pb4(OH)4]Pb(S2O3)3,Oxides / hydroxides,2
RRUFF,Cumengeite,Pb21Cu20Cl42(OH)40·6H2O,Oxides / hydroxides,8
RRUFF,Cuprite,Cu2O,Oxides / hydroxides,40
RRUFF,Cuprocherokeeite,[Pb8Zn3Cu^2+^(OH)16](SO4)4·4H2O,Sulfates,4
RRUFF,Cuproiridsite,Cu(Ir^3+^Ir^4+^)S4,Sulfides,6
RRUFF,Cuprorhodsite,(Cu^1+^0.5Fe^3+^0.5)Rh^3+^2S4,Sulfides,3
RRUFF,Cuprosklodowskite,Cu(UO2)2(SiO3OH)2·6H2O,Silicates,6
RRUFF,Cuprostibite,"Cu2(Sb,Tl)",Other classes,6
RRUFF,Cuprozheshengite,Pb4CuZn2(AsO4)2(PO4)2(OH)2,Phosphates,3
RRUFF,Curienite,Pb(UO2)2(VO4)2·5H2O,Vanadates,8
RRUFF,Curite,Pb3+x[(UO2)4O4+x(OH)3-x]2·2H2O,Oxides / hydroxides,19
RRUFF,Cuspidine,Ca8(Si2O7)2F4,Silicates,21
RRUFF,Cuyaite,Ca2Mn^3+^As^3+^14O24Cl,Oxides / hydroxides,3
RRUFF,CuZnCl(OH)3,?,Unknown formula,6
RRUFF,Cyanochroite,K2Cu(SO4)2·6H2O,Sulfates,6
RRUFF,Cyanotrichite,Cu4Al2(SO4)(OH)12(H2O)2,Sulfates,13
RRUFF,Cylindrite,FePb3Sn4Sb2S14,Sulfides,16
RRUFF,Cymrite,"Ba(Si,Al)4(O,OH)8·H2O",Silicates,6
RRUFF,Cyrilovite,NaFe^3+^3(PO4)2(OH)4·2H2O,Phosphates,6
RRUFF,Dachiardite-Ca,Ca2(Si20Al4)O48·13H2O,Silicates,12
RRUFF,Dachiardite-Na,Na4(Si20Al4)O48·13H2O,Silicates,6
RRUFF,Dacostaite,K(Mg2Al)[Mg(H2O)6]2(AsO4)2F6·2H2O,Arsenates,3
RRUFF,Dadsonite,Pb23Sb25S60Cl,Halides,6
RRUFF,Dalyite,K2ZrSi6O15,Silicates,6
RRUFF,Danalite,Be3Fe^2+^4(SiO4)3S,Silicates,8
RRUFF,Danburite,CaB2Si2O8,Silicates,82
RRUFF,Danielsite,"(Cu,Ag)14HgS8",Sulfides,6
RRUFF,Datolite,CaB(SiO4)(OH),Silicates,80
RRUFF,Davidite-(Ce),"Ce(Y,U)Fe2(Ti,Fe,Cr,V)18(O,OH,F)38",Oxides / hydroxides,8
RRUFF,Davidite-(La),"La(Y,U)Fe2(Ti,Fe,Cr,V)18(O,OH,F)38",Oxides / hydroxides,21
RRUFF,Davidlloydite,Zn3(AsO4)2·4H2O,Arsenates,2
RRUFF,Davisite,CaScAlSiO6,Silicates,3
RRUFF,Davyne,"[(Na,K)6(SO4)0.5Cl][Ca2Cl2][(Si6Al6O24)]",Silicates,13
RRUFF,Dawsonite,NaAl(CO3)(OH)2,Carbonates,20
RRUFF,Decrespignyite-(Y),Y4Cu(CO3)4Cl(OH)5·2H2O,Carbonates,4
RRUFF,Deerite,Fe^2+^6Fe^3+^3(Si6O17)O3(OH)5,Silicates,6
RRUFF,Defernite,Ca6(CO3)1.58(Si2O7)0.21(OH)7[Cl0.50(OH)0.08(H2O)0.42],Silicates,6
RRUFF,Delafossite,Cu^1+^Fe^3+^O2,Oxides / hydroxides,8
RRUFF,Delhayelite,K7Na3Ca5Al2Si14O38F4Cl2,Silicates,13
RRUFF,Demesmaekerite,Pb2Cu5(UO2)2(Se^4+^O3)6(OH)6·2H2O,Oxides / hydroxides,8
RRUFF,Dendoraite-(NH4),(NH4)2NaAl(C2O4)(PO3OH)2(H2O)2,Oxides / hydroxides,4
RRUFF,Denisovite,KCa2Si3O8F,Silicates,8
RRUFF,Denningite,CaMn^2+^Te^4+^4O10,Oxides / hydroxides,6
RRUFF,Derbylite,Fe^3+^4Ti^4+^3Sb^3+^O13(OH),Oxides / hydroxides,6
RRUFF,Derriksite,Cu4(UO2)(Se^4+^O3)2(OH)6,Oxides / hydroxides,6
RRUFF,Desautelsite,Mg6Mn^3+^2(OH)16(CO3)·4H2O,Carbonates,6
RRUFF,Descloizite,PbZn(VO4)(OH),Vanadates,48
RRUFF,Despujolsite,Ca3Mn^4+^(SO4)2(OH)6·3H2O,Sulfates,6
RRUFF,Destinezite,Fe^3+^2(PO4)(SO4)(OH)·6H2O,Phosphates,8
RRUFF,Devilline,CaCu4(SO4)2(OH)6·3H2O,Sulfates,8
RRUFF,Devitoite,Ba6Fe^2+^7Fe^3+^2(Si4O12)2(PO4)2(CO3)O2(OH)4,Silicates,3
RRUFF,Dewindtite,H2Pb3(UO2)6O4(PO4)4·12H2O,Phosphates,8
RRUFF,Diaboleite,CuPb2Cl2(OH)4,Oxides / hydroxides,16
RRUFF,Diadochite,Fe^3+^2(PO4)(SO4)(OH)·6H2O,Phosphates,8
RRUFF,Diamond,C,Other classes,127
RRUFF,Diaoyudaoite,NaAl11O17,Oxides / hydroxides,13
RRUFF,Diaphorite,Ag3Pb2Sb3S8,Sulfides,8
RRUFF,Diaspore,AlO(OH),Oxides / hydroxides,65
RRUFF,Dickinsonite-(KMnNa),K(NaMn)CaNa3AlMn13(PO4)12(OH)2,Phosphates,12
RRUFF,Dickite,Al2Si2O5(OH)4,Silicates,14
RRUFF,Dickthomssenite,MgV2O6·7H2O,Oxides / hydroxides,6
RRUFF,Diegogattaite,Na2CaCu2Si8O20·H2O,Silicates,6
RRUFF,Dietrichite,ZnAl2(SO4)4·22H2O,Sulfates,5
RRUFF,Dietzeite,Ca2(IO3)2(CrO4)·H2O,Oxides / hydroxides,6
RRUFF,Digenite,Cu1.8S,Sulfides,6
RRUFF,Dingdaohengite-(Ce),"(Ce,La)4Fe^2+^(Ti,Fe^2+^,Mg,Fe^3+^)2Ti2Si4O22",Silicates,6
RRUFF,Dinilawiite,[Pb4OAl(OH)6]2(S2O3)2·(S2O3)(H2O)5,Oxides / hydroxides,5
RRUFF,Diopside,CaMgSi2O6,Silicates,419
RRUFF,Dioptase,CuSiO3·H2O,Silicates,49
RRUFF,Dixenite,Cu^1+^Fe^3+^Mn^2+^14(As^5+^O4)(As^3+^O3)5(SiO4)2(OH)6,Silicates,6
RRUFF,Djerfisherite,"K6(Fe,Cu,Ni)25S26Cl",Halides,7
RRUFF,Djurleite,Cu31S16,Sulfides,20
RRUFF,Dmisteinbergite,Ca(Al2Si2O8),Silicates,8
RRUFF,Dmitryvarlamovite,Ti2(Fe^3+^Nb)O8,Oxides / hydroxides,2
RRUFF,Dolerophanite,Cu2O(SO4),Sulfates,14
RRUFF,Dolomite,CaMg(CO3)2,Carbonates,160
RRUFF,Domeykite,Cu3As,Other classes,6
RRUFF,Dondoellite,Ca2Fe(PO4)2·2H2O,Phosphates,12
RRUFF,Donnayite-(Y),NaSr3CaY(CO3)6·3H2O,Carbonates,5
RRUFF,Donpeacorite,"(Mn,Mg)MgSi2O6",Silicates,6
RRUFF,Downsite,K2(MoO3)3(SO4)·4H2O,Sulfates,1
RRUFF,Dozyite,Mg7Al2(Si4Al2)O15(OH)12,Silicates,6
RRUFF,Dravite,NaMg3Al6(Si6O18)(BO3)3(OH)3(OH),Silicates,153
RRUFF,Dresserite,Ba2Al4(CO3)4(OH)8·3H2O,Carbonates,6
RRUFF,Dreyerite,Bi(VO4),Vanadates,6
RRUFF,Dufrenoysite,Pb2As2S5,Sulfides,8
RRUFF,Duftite,PbCu(AsO4)(OH),Arsenates,16
RRUFF,Dugganite,Pb3Zn3(TeO6)(AsO4)2,Arsenates,6
RRUFF,Dukeite,Bi^3+^24Cr^6+^8O57(OH)6·3H2O,Oxides / hydroxides,6
RRUFF,Dumortierite,AlAl6BSi3O18,Silicates,16
RRUFF,Dundasite,PbAl2(CO3)2(OH)4·H2O,Carbonates,16
RRUFF,Durangite,NaAl(AsO4)F,Arsenates,12
RRUFF,Dussertite,BaFe^3+^3(AsO4)(AsO3OH)(OH)6,Arsenates,12
RRUFF,Dwornikite,Ni(SO4)·H2O,Sulfates,7
RRUFF,Dypingite,Mg5(CO3)4(OH)2·5H2O,Carbonates,14
RRUFF,Dyscrasite,Ag3+xSb1-x(x≈0.2),Other classes,6
RRUFF,Eakerite,Ca2Sn^4+^Al2Si6O18(OH)2·2H2O,Silicates,6
RRUFF,Earlshannonite,Mn^2+^Fe^3+^2(PO4)2(OH)2·4H2O,Phosphates,6
RRUFF,Eastonite,KAlMg2(Si2Al2)O10(OH)2,Silicates,8
RRUFF,Ebnerite,(NH4)Zn(PO4),Phosphates,3
RRUFF,Ecdemite,Pb6As^3+^2O7Cl4,Oxides / hydroxides,6
RRUFF,Eckermannite,NaNa2(Mg4Al)Si8O22(OH)2,Silicates,38
RRUFF,Eclarite,"(Cu,Fe)Pb9Bi12S28",Sulfides,6
RRUFF,Eddavidite,Cu12Pb2O15Br2,Oxides / hydroxides,8
RRUFF,Edenite,NaCa2Mg5(Si7Al)O22(OH)2,Silicates,78
RRUFF,Edgarbaileyite,Hg^1+^6Si2O7,Silicates,2
RRUFF,Edgarite,FeNb3S6,Sulfides,6
RRUFF,Edingtonite,Ba(Si3Al2)O10·4H2O,Silicates,62
RRUFF,Edoylerite,Hg^2+^3(Cr^6+^O4)S2,Oxides / hydroxides,6
RRUFF,Edwindavisite,Cu(C2O4)(NH3),Oxides / hydroxides,6
RRUFF,Effenbergerite,BaCuSi4O10,Silicates,12
RRUFF,Eglestonite,([Hg^1+^]2)3OCl3(OH),Oxides / hydroxides,12
RRUFF,Ehrleite,Ca2ZnBe(PO4)2(PO3OH)·4H2O,Phosphates,6
RRUFF,Eirikite,KNa6Be2(Si15Al3)O39F2,Silicates,8
RRUFF,Eitelite,Na2Mg(CO3)2,Carbonates,6
RRUFF,Ekanite,Ca2ThSi8O20,Silicates,13
RRUFF,Ekatite,"(Fe^3+^,Fe^2+^,Zn)12(AsO3)6(AsO3,SiO3OH)2(OH)6",Silicates,6
RRUFF,Elaliite,(Fe^2+^8Fe^3+^)(PO4)O8,Phosphates,2
RRUFF,Elbaite,Na(Al1.5Li1.5)Al6(Si6O18)(BO3)3(OH)3(OH),Silicates,195
RRUFF,Elkinstantonite,Fe4(PO4)2O,Phosphates,2
RRUFF,Ellenbergerite,"Mg6(Mg,Ti,Zr,[box])2(Al,Mg)6Si8O28(OH)10",Silicates,7
RRUFF,Elliottite,NaMgAl3(PO4)2F6·9H2O,Phosphates,3
RRUFF,Elpasolite,K2NaAlF6,Halides,6
RRUFF,Elpidite,Na2ZrSi6O15·3H2O,Silicates,22
RRUFF,Elyite,CuPb4(SO4)O2(OH)4·H2O,Sulfates,14
RRUFF,Emeleusite,Na2LiFe^3+^Si6O15,Silicates,6
RRUFF,Emmonsite,Fe^3+^2(Te^4+^O3)3·2H2O,Oxides / hydroxides,16
RRUFF,Emplectite,CuBiS2,Sulfides,4
RRUFF,Empressite,AgTe,Other classes,2
RRUFF,Enargite,Cu3AsS4,Sulfides,32
RRUFF,Englishite,K3Na2Ca10Al15(OH)7(PO4)21·26H2O,Phosphates,6
RRUFF,Enstatite,Mg2Si2O6,Silicates,245
RRUFF,Eosphorite,Mn^2+^Al(PO4)(OH)2·H2O,Phosphates,44
RRUFF,Ephesite,NaLiAl2(Si2Al2)O10(OH)2,Silicates,6
RRUFF,Epididymite,Na2Be2Si6O15·H2O,Silicates,68
RRUFF,Epidote,Ca2(Al2Fe^3+^)[Si2O7][SiO4]O(OH),Silicates,273
RRUFF,Epiebnerite,(NH4)Zn(PO4),Phosphates,3
RRUFF,Epistilbite,Ca3[Si18Al6O48]·16H2O,Silicates,6
RRUFF,Epistolite,(Na[box])Nb2Na3Ti(Si2O7)2O2(OH)2(H2O)4,Silicates,6
RRUFF,Epsomite,Mg(SO4)·7H2O,Sulfates,8
RRUFF,Erdite,NaFeS2·2H2O,Oxides / hydroxides,6
RRUFF,Ericaite,Fe^2+^3B7O13Cl,Oxides / hydroxides,12
RRUFF,Ericssonite,BaMn^2+^2Fe^3+^(Si2O7)O(OH),Silicates,14
RRUFF,Eriochalcite,CuCl2·2H2O,Oxides / hydroxides,6
RRUFF,Erionite-Ca,Ca5[Si26Al10O72]·30H2O,Silicates,22
RRUFF,Erionite-K,K10[Si26Al10O72]·30H2O,Silicates,6
RRUFF,Erionite-Na,Na10[Si26Al10O72]·30H2O,Silicates,6
RRUFF,Erlichmanite,OsS2,Sulfides,7
RRUFF,Ermeloite,Al(PO4)·H2O,Phosphates,2
RRUFF,Ernstite,"(Mn^2+^,Fe^3+^)Al(PO4)(OH,O)2",Phosphates,6
RRUFF,Erythrite,Co3(AsO4)2·8H2O,Carbonates,40
RRUFF,Erythrosiderite,K2Fe^3+^Cl5·H2O,Oxides / hydroxides,6
RRUFF,Eskebornite,CuFeSe2,Other classes,8
RRUFF,Eskolaite,Cr2O3,Oxides / hydroxides,6
RRUFF,Espadaite,Na4Ca3Mg2[AsO3(OH)]2[AsO2(OH)2]10(H2O)6·H2O,Sulfates,3
RRUFF,Esperite,PbCa2(ZnSiO4)3,Silicates,13
RRUFF,Esseneite,CaFe^3+^AlSiO6,Silicates,6
RRUFF,Ettringite,Ca6Al2(SO4)3(OH)12·27H2O,Sulfates,6
RRUFF,Eucairite,CuAgSe,Other classes,5
RRUFF,Euchlorine,KNaCu3O(SO4)3,Sulfates,6
RRUFF,Euchroite,Cu2(AsO4)(OH)·3H2O,Arsenates,8
RRUFF,Euclase,BeAlSiO4(OH),Silicates,54
RRUFF,Eucryptite,LiAlSiO4,Silicates,6
RRUFF,Eudialyte,"Na15Ca6Fe3Zr3Si(Si25O73)(O,OH,H2O)3(Cl,OH)2",Silicates,71
RRUFF,Eudidymite,Na2Be2Si6O15·H2O,Silicates,12
RRUFF,Eulytine,Bi4(SiO4)3,Silicates,15
RRUFF,Eurekadumpite,"(Cu,Zn)16(Te^4+^O3)2(AsO4)3Cl(OH)18·7H2O",Arsenates,6
RRUFF,Euxenite-(Y),Y(NbTi)O6,Oxides / hydroxides,16
RRUFF,Evanichite,Pb6Cr^3+^(Cr^6+^O4)2(SO4)(OH)7FCl,Sulfates,6
RRUFF,Evansite,Al3(PO4)(OH)6·8H2O,Phosphates,6
RRUFF,Eveite,Mn^2+^2(AsO4)(OH),Arsenates,6
RRUFF,Ezcurrite,Na2B5O7(OH)3·2H2O,Oxides / hydroxides,6
RRUFF,Ezochiite,Cu^+^(Rh^3+^Pt^4+^)S4,Sulfides,2
RRUFF,Faheyite,Be2Mn^2+^Fe^3+^2(PO4)4·6H2O,Phosphates,6
RRUFF,Fairbankite,Pb^2+^12(Te^4+^O3)11(SO4),Sulfates,4
RRUFF,Fairfieldite,Ca2Mn^2+^(PO4)2·2H2O,Phosphates,15
RRUFF,Faizievite,Li6K2Na(Ca6Na)Ti4(Si6O18)2(Si12O30)F2,Silicates,6
RRUFF,Famatinite,Cu3SbS4,Sulfides,12
RRUFF,Farringtonite,Mg3(PO4)2,Phosphates,6
RRUFF,Faujasite-Ca,"(Ca,Na,Mg)2(Si,Al)12O24·15H2O",Silicates,8
RRUFF,Faujasite-Mg,"(Mg,Na,K,Ca)2(Si,Al)12O24·15H2O",Silicates,8
RRUFF,Faustite,ZnAl6(PO4)4(OH)8·4H2O,Phosphates,6
RRUFF,Fayalite,Fe^2+^2(SiO4),Silicates,108
RRUFF,Fe2SiO4spinel,?,Unknown formula,1
RRUFF,Fedotovite,K2Cu3O(SO4)3,Sulfates,7
RRUFF,Feklichevite,"Na11Ca9(Fe^3+^,Fe^2+^)2Zr3Nb(Si25O73)(OH,H2O,Cl,O)5",Silicates,8
RRUFF,Felsobanyaite,Al4(SO4)(OH)10·4H2O,Sulfates,14
RRUFF,Fenaksite,KNaFe^2+^Si4O10,Silicates,8
RRUFF,Fencooperite,Ba6Fe^3+^3Si8O23(CO3)2Cl3·H2O,Silicates,6
RRUFF,Ferberite,Fe^2+^(WO4),Tungstates,121
RRUFF,Fergusonite-(Ce),CeNbO4·0.3H2O,Borates,6
RRUFF,Fernandinite,"(Ca,Na,K)0.9(V^5+^,V^4+^,Fe^2+^,Ti)8O20·4H2O",Oxides / hydroxides,6
RRUFF,Ferri-pedrizite,NaLi2(Mg2Fe^3+^2Li)Si8O22(OH)2,Silicates,7
RRUFF,Ferri-winchite,[box](NaCa)(Mg4Fe^3+^)Si8O22(OH)2,Silicates,13
RRUFF,Ferriallanite-(Ce),CaCe(Fe^3+^AlFe^2+^)[Si2O7][SiO4]O(OH),Silicates,5
RRUFF,Ferriallanite-(La),CaLa(Fe^3+^AlFe^2+^)[Si2O7][SiO4]O(OH),Silicates,6
RRUFF,Ferricopiapite,Fe^3+^0.67Fe^3+^4(SO4)6(OH)2·20H2O,Sulfates,6
RRUFF,Ferrierite-K,"(K,Na)5(Si31Al5)O72·18H2O",Silicates,4
RRUFF,Ferrierite-Mg,"[Mg2(K,Na)2Ca0.5](Si29Al7)O72·18H2O",Silicates,24
RRUFF,Ferrilotharmeyerite,CaZnFe^3+^(AsO4)2(OH)·H2O,Arsenates,8
RRUFF,Ferrimolybdite,Fe^3+^2(Mo^6+^O4)3·7H2O,Oxides / hydroxides,14
RRUFF,Ferrinatrite,Na3Fe^3+^(SO4)3·3H2O,Sulfates,6
RRUFF,Ferriphoxite,[(NH4)2K(H2O)][Fe^3+^(HPO4)2(C2O4)],Phosphates,3
RRUFF,Ferrisurite,Pb2.4Fe^3+^2Si4O10(CO3)1.7(OH)3·nH2O,Silicates,10
RRUFF,Ferro-actinolite,[box]Ca2(Mg2.5-0.0Fe^2+^2.5-5.0)Si8O22(OH)2,Silicates,20
RRUFF,Ferro-edenite,NaCa2Fe^2+^5(Si7Al)O22(OH)2,Silicates,6
RRUFF,Ferro-ferri-fluoro-leakeite,NaNa2(Fe^2+^2Fe^3+^2Li)Si8O22F2,Silicates,6
RRUFF,Ferro-gedrite,[box]Fe^2+^2(Fe^2+^3Al2)(Si6Al2)O22(OH)2,Silicates,13
RRUFF,Ferro-holmquistite,[box]Li2(Fe^2+^3Al2)Si8O22(OH)2,Silicates,7
RRUFF,Ferro-katophorite,Na(NaCa)(Fe^2+^4Al)(Si7Al)O22(OH)2,Silicates,8
RRUFF,Ferro-pargasite,NaCa2(Fe^2+^4Al)(Si6Al2)O22(OH)2,Silicates,7
RRUFF,Ferroalluaudite,NaFe^2+^Fe^3+^2(PO4)3,Phosphates,6
RRUFF,Ferrobobfergusonite,[box]Na2Fe^2+^5Fe^3+^Al(PO4)6,Phosphates,6
RRUFF,Ferrobustamite,CaFe^2+^Si2O6,Silicates,6
RRUFF,Ferroceladonite,KFe^2+^Fe^3+^Si4O10(OH)2,Silicates,8
RRUFF,Ferroericssonite,BaFe^2+^2Fe^3+^(Si2O7)O(OH),Silicates,6
RRUFF,Ferrofettelite,[Ag6As2S7][Ag10FeAs2S8],Sulfides,6
RRUFF,Ferrohogbomite-2N2S,"(Fe,Mg,Zn,Al)3(Al,Ti,Fe)8O15(OH)",Oxides / hydroxides,12
RRUFF,Ferrokentbrooksite,"Na15Ca6Fe^2+^3Zr3Nb(Si25O73)(O,OH,H2O)3(F,Cl)2",Silicates,5
RRUFF,Ferrokesterite,Cu2FeSnS4,Sulfides,12
RRUFF,Ferronigerite-2N1S,"(Al,Fe,Zn)2(Al,Sn)6O11(OH)",Oxides / hydroxides,6
RRUFF,Ferronordite-(Ce),Na3SrCeFe^2+^Si6O17,Silicates,8
RRUFF,Ferroselite,FeSe2,Other classes,7
RRUFF,Ferrosilite,Fe^2+^2Si2O6,Silicates,16
RRUFF,Ferrostrunzite,Fe^2+^Fe^3+^2(PO4)2(OH)2·6H2O,Phosphates,8
RRUFF,Ferrowodginite,Fe^2+^Sn^4+^Ta2O8,Oxides / hydroxides,8
RRUFF,Ferrowyllieite,NaNaFe^2+^(Fe^2+^Al)(PO4)3,Phosphates,15
RRUFF,Fersmanite,"Ca4(Na,Ca)4(Ti,Nb)4(Si2O7)2O8F3",Silicates,6
RRUFF,Fersmite,CaNb2O6,Oxides / hydroxides,6
RRUFF,Feruvite,CaFe^2+^3(Al5Mg)(Si6O18)(BO3)3(OH)3(OH),Silicates,6
RRUFF,Fetiasite,"(Fe^2+^,Fe^3+^,Ti^4+^)3O2As^3+^2O5",Oxides / hydroxides,8
RRUFF,Fettelite,[Ag6As2S7][Ag10HgAs2S8],Sulfides,12
RRUFF,Fianelite,Mn^2+^2V2O7·2H2O,Oxides / hydroxides,2
RRUFF,Fibroferrite,Fe^3+^(SO4)(OH)·5H2O,Sulfates,6
RRUFF,Fiedlerite,Pb3Cl4F(OH)·H2O,Oxides / hydroxides,6
RRUFF,Filatovite,"K(Al,Zn)2(As,Si)2O8",Silicates,6
RRUFF,Fillowite,Na3CaMn^2+^11(PO4)9,Phosphates,6
RRUFF,Fingerite,Cu11O2(VO4)6,Vanadates,8
RRUFF,Finnemanite,Pb5(As^3+^O3)3Cl,Oxides / hydroxides,12
RRUFF,Fizelyite,Ag5Pb14Sb21S48,Sulfides,24
RRUFF,Flaggite,Pb4Cu^2+^4Te^6+^2(SO4)2O11(OH)2(H2O),Sulfates,1
RRUFF,Flamite,"Ca8-x(Na,K)x(SiO4)4-x(PO4)x",Silicates,2
RRUFF,Fleischerite,Pb3Ge(SO4)2(OH)6·3H2O,Sulfates,8
RRUFF,Florkeite,(K3Ca2Na)[Al8Si8O32]·12H2O,Silicates,6
RRUFF,Fluellite,Al2(PO4)F2(OH)·7H2O,Phosphates,8
RRUFF,Fluoborite,Mg3(BO3)F3,Borates,6
RRUFF,Fluocerite-(Ce),CeF3,Halides,5
RRUFF,Fluor-buergerite,NaFe^3+^3Al6(Si6O18)(BO3)3O3F,Silicates,24
RRUFF,Fluor-dravite,NaMg3Al6(Si6O18)(BO3)3(OH)3F,Silicates,6
RRUFF,Fluor-elbaite,Na(Li1.5Al1.5)Al6(Si6O18)(BO3)3(OH)3F,Silicates,6
RRUFF,Fluor-liddicoatite,Ca(Li2Al)Al6(Si6O18)(BO3)3(OH)3F,Silicates,12
RRUFF,Fluor-rewitzerite,[(H2O)K]Mn2(Al2Ti)(PO4)4(OF)(H2O)10·4H2O,Phosphates,3
RRUFF,Fluor-uvite,CaMg3(Al5Mg)(Si6O18)(BO3)3(OH)3F,Silicates,44
RRUFF,Fluorapatite,Ca5(PO4)3F,Phosphates,314
RRUFF,Fluorapophyllite-(K),KCa4Si8O20F·8H2O,Silicates,94
RRUFF,Fluorbritholite-(Ce),"(Ce,Ca)5(SiO4)3F",Silicates,5
RRUFF,Fluorcalciobritholite,"(Ca,REE)5(SiO4,PO4)3F",Silicates,6
RRUFF,Fluorcalciomicrolite,"(Ca,Na,[box])2Ta2O6F",Oxides / hydroxides,59
RRUFF,Fluorcalciopyrochlore,"(Ca,Na)2(Nb,Ti)2O6F",Oxides / hydroxides,16
RRUFF,Fluorcalcioromeite,"(Ca,Na)2Sb^5+^2O6F",Oxides / hydroxides,6
RRUFF,Fluorcarmoite-(BaNa),Ba[box]Na2Na2[box]CaMg13Al(PO4)11(PO3OH)F2,Phosphates,3
RRUFF,Fluorellestadite,Ca5(SiO4)1.5(SO4)1.5F,Silicates,6
RRUFF,Fluorite,CaF2,Halides,77
RRUFF,Fluorlamprophyllite,(SrNa)Ti2Na3Ti(Si2O7)2O2F2,Silicates,6
RRUFF,Fluorluanshiweiite,KLiAl1.5[box]0.5(Si3.5Al0.5)O10F2,Silicates,2
RRUFF,Fluormacraeite,[(H2O)K]Mn2(Fe2Ti)(PO4)4(OF)(H2O)10·4H2O,Phosphates,3
RRUFF,Fluornatromicrolite,(Na1.5Bi0.5)Ta2O6F,Oxides / hydroxides,14
RRUFF,Fluoro-edenite,NaCa2Mg5(Si7Al)O22F2,Silicates,7
RRUFF,Fluoro-richterite,Na(NaCa)Mg5Si8O22F2,Silicates,50
RRUFF,Fluorophlogopite,KMg3(Si3Al)O10F2,Silicates,124
RRUFF,Fluorsigaiite,Ca2Sr3(PO4)3F,Phosphates,3
RRUFF,Foitite,[box](Fe^2+^2Al)Al6(Si6O18)(BO3)3(OH)3(OH),Silicates,22
RRUFF,Foordite,Sn^2+^Nb2O6,Oxides / hydroxides,6
RRUFF,Footemineite,Ca2Mn^2+^5Be4(PO4)6(OH)4·6H2O,Phosphates,7
RRUFF,Fornacite,CuPb2(CrO4)(AsO4)(OH),Arsenates,12
RRUFF,Forsterite,Mg2(SiO4),Silicates,253
RRUFF,Foshagite,Ca4(SiO3)3(OH)2,Silicates,8
RRUFF,Fourmarierite,Pb1-xO3-2x(UO2)4(OH)4+2x·4H2O,Oxides / hydroxides,6
RRUFF,Francevillite,Ba(UO2)2(VO4)2·5H2O,Vanadates,8
RRUFF,Franciscanite,Mn^2+^6(V^5+^[box])(SiO4)2O3(OH)3,Silicates,8
RRUFF,Franckeite,Pb21.7Sn9.3Fe4.0Sb8.1S56.9,Sulfides,10
RRUFF,Franconite,NaNb2O5(OH)·3H2O,Oxides / hydroxides,6
RRUFF,Frankamenite,K3Na3Ca5Si12O30F3(OH)·H2O,Silicates,8
RRUFF,Franklinite,ZnFe^3+^2O4,Oxides / hydroxides,14
RRUFF,Franksousaite,PbCu(Se^6+^O4)(OH)2,Oxides / hydroxides,6
RRUFF,Fredrikssonite,Mg2Mn^3+^O2(BO3),Borates,6
RRUFF,Freieslebenite,AgPbSbS3,Sulfides,8
RRUFF,Fresnoite,Ba2TiO(Si2O7),Silicates,8
RRUFF,Friedelite,Mn^2+^8Si6O15(OH)10,Silicates,12
RRUFF,Frolovite,Ca[B(OH)4]2,Borates,6
RRUFF,Frondelite,(Mn^2+^0.5Fe^3+^0.5)2Fe^3+^3(PO4)3(OH)5,Phosphates,8
RRUFF,Froodite,PdBi2,Other classes,7
RRUFF,Fuchunite,Ba(C2H3O3)2(C2H4O3)2,Oxides / hydroxides,2
RRUFF,Fulbrightite,Ca(VO)2(AsO4)2·4H2O,Arsenates,3
RRUFF,Furutobeite,"(Cu,Ag)6PbS4",Sulfides,8
RRUFF,Gadolinite-(Y),Y2Fe^2+^Be2O2(SiO4)2,Silicates,28
RRUFF,Gadolinium gallium garnet,?,Unknown formula,27
RRUFF,Gagarinite-(Y),NaCaYF6,Halides,2
RRUFF,Gageite,Mn^2+^21Si8O27(OH)20,Silicates,6
RRUFF,Gahnite,ZnAl2O4,Oxides / hydroxides,29
RRUFF,Gaidonnayite,Na2ZrSi3O9·2H2O,Silicates,14
RRUFF,Gaitite,Ca2Zn(AsO4)2·2H2O,Arsenates,6
RRUFF,Gajardoite,KCa0.5As^3+^4O6Cl2·5H2O,Oxides / hydroxides,3
RRUFF,Galaxite,Mn^2+^Al2O4,Oxides / hydroxides,6
RRUFF,Galeite,Na15(SO4)5ClF4,Sulfates,14
RRUFF,Galena,PbS,Sulfides,16
RRUFF,Galenobismutite,PbBi2S4,Sulfides,6
RRUFF,Galkhaite,(Hg5Cu)CsAs4S12,Sulfides,6
RRUFF,Galuskinite,Ca7(SiO4)3(CO3),Silicates,2
RRUFF,Gamagarite,Ba2Fe^3+^(VO4)2(OH),Vanadates,8
RRUFF,Ganomalite,Pb9Ca6(Si2O7)4(SiO4)O,Silicates,8
RRUFF,Garnet,?,Unknown formula,6
RRUFF,Garronite-Ca,Ca3(Al6Si10O32)·14H2O,Silicates,6
RRUFF,Gartrellite,PbCuFe^3+^(AsO4)2(OH)·H2O,Arsenates,6
RRUFF,Garyansellite,Mg2Fe^3+^(PO4)2(OH)·2H2O,Phosphates,6
RRUFF,Gaspeite,Ni(CO3),Carbonates,22
RRUFF,Gatumbaite,CaAl2(PO4)2(OH)2·H2O,Phosphates,6
RRUFF,Gaudefroyite,Ca4Mn^3+^3(BO3)3(CO3)O3,Carbonates,8
RRUFF,Gaylussite,Na2Ca(CO3)2·5H2O,Carbonates,40
RRUFF,Gearksutite,CaAlF4(OH)·H2O,Oxides / hydroxides,8
RRUFF,Gedrite,[box]Mg2(Mg3Al2)(Si6Al2)O22(OH)2,Silicates,8
RRUFF,Gehlenite,Ca2Al(SiAl)O7,Silicates,50
RRUFF,Geikielite,MgTiO3,Oxides / hydroxides,8
RRUFF,Gelosaite,BiMo^6+^(2-5x)Mo^5+^6xO7(OH)·H2O(0<x<0.4),Oxides / hydroxides,8
RRUFF,Geminite,Cu^2+^(AsO3OH)·H2O,Sulfates,12
RRUFF,Genthelvite,Be3Zn4(SiO4)3S,Silicates,8
RRUFF,Georgbarsanovite,"Na12(Mn,Sr,REE)3Ca6Fe^2+^3Zr3NbSi25O76Cl2·H2O",Silicates,6
RRUFF,Georgbokiite,Cu5O2(Se^4+^O3)2Cl2,Oxides / hydroxides,6
RRUFF,Georgechaoite,KNaZrSi3O9·2H2O,Silicates,6
RRUFF,Georgerobinsonite,Pb4(CrO4)2(OH)2FCl,Oxides / hydroxides,6
RRUFF,Gerdtremmelite,ZnAl2(AsO4)(OH)5,Arsenates,6
RRUFF,Gerhardtite,Cu2(NO3)(OH)3,Nitrates,8
RRUFF,Germanite,Cu13Fe2Ge2S16,Sulfides,9
RRUFF,Gersdorffite,NiAsS,Sulfides,21
RRUFF,Gerstleyite,"Na2(Sb,As)8S13·2H2O",Oxides / hydroxides,14
RRUFF,Gerstmannite,Mn^2+^MgZn(SiO4)(OH)2,Silicates,6
RRUFF,Getchellite,SbAsS3,Sulfides,16
RRUFF,Gianellaite,(Hg2N)2(SO4)(H2O)x,Sulfates,6
RRUFF,Gibbsite,Al(OH)3,Oxides / hydroxides,3
RRUFF,Gillardite,Cu3NiCl2(OH)6,Oxides / hydroxides,12
RRUFF,Gillespite,BaFe^2+^Si4O10,Silicates,13
RRUFF,Gillulyite,Tl2As7.5Sb0.3S13,Sulfides,6
RRUFF,Gilmarite,Cu^2+^3(AsO4)(OH)3,Arsenates,6
RRUFF,Giniite,Fe^2+^Fe^3+^4(PO4)4(OH)2·2H2O,Phosphates,8
RRUFF,Ginorite,Ca2B14O20(OH)6·5H2O,Oxides / hydroxides,6
RRUFF,Gismondine-Ca,Ca2(Si4Al4)O16·8H2O,Silicates,8
RRUFF,Gladiusite,Fe^3+^2Fe^2+^4(PO4)(OH)11·H2O,Phosphates,6
RRUFF,Glass-(Ce),?,Unknown formula,4
RRUFF,Glass-(Dy),?,Unknown formula,4
RRUFF,Glass-(Er),?,Unknown formula,4
RRUFF,Glass-(Eu),?,Unknown formula,4
RRUFF,Glass-(Gd),?,Unknown formula,4
RRUFF,Glass-(Ho),?,Unknown formula,4
RRUFF,Glass-(La),?,Unknown formula,4
RRUFF,Glass-(Lu),?,Unknown formula,4
RRUFF,Glass-(Nd),?,Unknown formula,4
RRUFF,Glass-(Pr),?,Unknown formula,4
RRUFF,Glass-(Sm),?,Unknown formula,4
RRUFF,Glass-(Tb),?,Unknown formula,4
RRUFF,Glass-(Tm),?,Unknown formula,4
RRUFF,Glass-(Y),?,Unknown formula,4
RRUFF,Glass-(Yb),?,Unknown formula,4
RRUFF,Glauberite,Na2Ca(SO4)2,Sulfates,14
RRUFF,Glaucocerinite,"(Zn1-xAlx)(SO4)x/2(OH)2·nH2O(x<0.5,n>3x/2)",Sulfates,6
RRUFF,Glaucodot,(Co0.5Fe0.5)AsS,Sulfides,13
RRUFF,Glauconite,"(K,Na)(Fe^3+^,Al,Mg)2(Si,Al)4O10(OH)2",Silicates,6
RRUFF,Glaucophane,[box]Na2(Mg3Al2)Si8O22(OH)2,Silicates,24
RRUFF,Glecklerite,Na(C2H3O3),Oxides / hydroxides,6
RRUFF,Glucine,CaBe4(PO4)2(OH)4·0.5H2O,Phosphates,6
RRUFF,Glushinskite,Mg(C2O4)·2H2O,Oxides / hydroxides,6
RRUFF,Gmelinite-Ca,Ca2(Si8Al4)O24·11H2O,Silicates,13
RRUFF,Gmelinite-Na,Na4(Si8Al4)O24·11H2O,Silicates,62
RRUFF,Godovikovite,(NH4)Al(SO4)2,Sulfates,6
RRUFF,Goedkenite,Sr2Al(PO4)2(OH),Phosphates,12
RRUFF,Goethite,FeO(OH),Oxides / hydroxides,33
RRUFF,Gold,Au,Other classes,6
RRUFF,Goldfieldite,(Cu4[box]2)Cu6Te4S13,Sulfides,6
RRUFF,Goldichite,KFe^3+^(SO4)2·4H2O,Sulfates,8
RRUFF,Goldmanite,Ca3V^3+^2(SiO4)3,Silicates,21
RRUFF,Goldschmidtite,KNbO3,Borates,3
RRUFF,Golyshevite,Na10Ca9Zr3Fe2SiNb(Si3O9)2(Si9O27)2(OH)3(CO3)·H2O,Silicates,6
RRUFF,Gonnardite,"(Na,Ca)2(Si,Al)5O10·3H2O",Silicates,12
RRUFF,Gorceixite,BaAl3(PO4)(PO3OH)(OH)6,Phosphates,8
RRUFF,Gordaite,NaZn4(SO4)(OH)6Cl·6H2O,Sulfates,6
RRUFF,Gordonite,MgAl2(PO4)2(OH)2·8H2O,Phosphates,12
RRUFF,Gorgeyite,K2Ca5(SO4)6·H2O,Sulfates,6
RRUFF,Gormanite,Fe^2+^3Al4(PO4)4(OH)6·2H2O,Phosphates,16
RRUFF,Gotzenite,Ca4NaCa2Ti(Si2O7)2(OF)F2,Silicates,26
RRUFF,Goudeyite,Cu6Al(AsO4)3(OH)6·3H2O,Arsenates,6
RRUFF,Gowerite,Ca[B5O8(OH)][B(OH)3]·3H2O,Borates,8
RRUFF,Goyazite,SrAl3(PO4)(PO3OH)(OH)6,Phosphates,6
RRUFF,Graemite,Cu^2+^(Te^4+^O3)·H2O,Oxides / hydroxides,6
RRUFF,Graeserite,Fe^3+^4Ti3As^3+^O13(OH),Oxides / hydroxides,6
RRUFF,Graftonite,Fe^2+^Fe^2+^2(PO4)2,Phosphates,6
RRUFF,Grandaite,Sr2Al(AsO4)2(OH),Arsenates,3
RRUFF,Grandidierite,MgAl3O2(BO3)(SiO4),Silicates,8
RRUFF,Grandreefite,Pb2(SO4)F2,Sulfates,6
RRUFF,Grandviewite,Cu3Al2(SO4)(OH)10·H2O,Sulfates,7
RRUFF,Graphite,C,Other classes,24
RRUFF,Gratonite,Pb9As4S15,Sulfides,14
RRUFF,Gravegliaite,Mn^2+^(S^4+^O3)·3H2O,Oxides / hydroxides,12
RRUFF,Greenlizardite,(NH4)Na(UO2)2(SO4)2(OH)2·4H2O,Sulfates,3
RRUFF,Greenockite,CdS,Sulfides,28
RRUFF,Greifensteinite,Ca2Be4Fe^2+^5(PO4)6(OH)4·6H2O,Phosphates,22
RRUFF,Greigite,Fe^2+^Fe^3+^2S4,Sulfides,8
RRUFF,Griceite,LiF,Halides,4
RRUFF,Grimselite,K3Na(UO2)(CO3)3·H2O,Carbonates,6
RRUFF,Griphite,"Ca(Mn^2+^,Na,Li)6Fe^2+^Al2(PO4)6(F,OH)2",Phosphates,6
RRUFF,Grossular,Ca3Al2(SiO4)3,Silicates,256
RRUFF,Groutite,Mn^3+^O(OH),Oxides / hydroxides,38
RRUFF,Grunerite,[box]Fe^2+^2Fe^2+^5Si8O22(OH)2,Silicates,66
RRUFF,Guanacoite,Cu2Mg3(OH)4(AsO4)2·4H2O,Arsenates,6
RRUFF,Guanajuatite,Bi2Se3,Other classes,8
RRUFF,Guangyuanite,Pb3Cl3(Se^4+^O3)(OH),Oxides / hydroxides,6
RRUFF,Gudmundite,FeSbS,Sulfides,7
RRUFF,Guilleminite,Ba(UO2)3(Se^4+^O3)2O2·3H2O,Oxides / hydroxides,8
RRUFF,Guite,Co^2+^Co^3+^2O4,Oxides / hydroxides,2
RRUFF,Gunningite,Zn(SO4)·H2O,Sulfates,6
RRUFF,Gunterite,Na4Ca[V10O28]·20H2O,Oxides / hydroxides,3
RRUFF,Gustavite,AgPbBi3S6,Sulfides,24
RRUFF,Guyanaite,CrO(OH),Oxides / hydroxides,6
RRUFF,Gypsum,Ca(SO4)·2H2O,Sulfates,78
RRUFF,Gyrolite,NaCa16(Si23Al)O60(OH)8·14H2O,Silicates,8
RRUFF,Gysinite-(Ce),PbCe(CO3)2(OH)(H2O),Carbonates,3
RRUFF,Gysinite-(La),PbLa(CO3)2(OH)·H2O,Carbonates,3
RRUFF,Gysinite-(Nd),PbNd(CO3)2(OH)·H2O,Carbonates,6
RRUFF,Hafnon,Hf(SiO4),Silicates,7
RRUFF,Hagendorfite,Na2MnFe^2+^Fe^3+^(PO4)3,Phosphates,12
RRUFF,Hagstromite,Pb8Cu^2+^(Te^6+^O6)2(CO3)Cl4,Carbonates,3
RRUFF,Hainite-(Y),Ca2(CaY)Na(NaCa)Ti(Si2O7)2(OF)F2,Silicates,6
RRUFF,Haiweeite,Ca(UO2)2(Si5O12)(OH)2·6H2O,Silicates,13
RRUFF,Haleniusite-(La),LaOF,Oxides / hydroxides,6
RRUFF,Halite,NaCl,Halides,19
RRUFF,Halotrichite,Fe^2+^Al2(SO4)4·22H2O,Sulfates,14
RRUFF,Hambergite,Be2(BO3)(OH),Borates,14
RRUFF,Hammarite,Cu2Pb2Bi4S9,Sulfides,6
RRUFF,Hancockite,CaPb(Al2Fe^3+^)[Si2O7][SiO4]O(OH),Silicates,2
RRUFF,Hanksite,KNa22(SO4)9(CO3)2Cl,Carbonates,8
RRUFF,Hannebachite,Ca(SO3)·0.5H2O,Sulfates,6
RRUFF,Hardystonite,Ca2ZnSi2O7,Silicates,31
RRUFF,Harmotome,Ba2(Si12Al4)O32·12H2O,Silicates,12
RRUFF,Hashemite,Ba(CrO4),Oxides / hydroxides,7
RRUFF,Hastingsite,NaCa2(Fe^2+^4Fe^3+^)(Si6Al2)O22(OH)2,Silicates,18
RRUFF,Hatchite,AgTlPbAs2S5,Sulfides,6
RRUFF,Hauchecornite,Ni9BiSbS8,Sulfides,6
RRUFF,Hauerite,MnS2,Sulfides,15
RRUFF,Hausmannite,Mn^2+^Mn^3+^2O4,Oxides / hydroxides,77
RRUFF,Hauyne,Na3Ca(Si3Al3)O12(SO4),Silicates,54
RRUFF,Hawleyite,CdS,Sulfides,6
RRUFF,Haxonite,"(Fe,Ni)23C6",Other classes,6
RRUFF,Haydeeite,Cu3Mg(OH)6Cl2,Oxides / hydroxides,6
RRUFF,Haynesite,(UO2)3(Se^4+^O3)2(OH)2·5H2O,Oxides / hydroxides,6
RRUFF,Hazenite,KNaMg2(PO4)2·14H2O,Phosphates,8
RRUFF,Heazlewoodite,Ni3S2,Sulfides,6
RRUFF,Hectorfloresite,Na9(IO3)(SO4)4,Sulfates,8
RRUFF,Hectorite,"Na0.3(Mg,Li)3Si4O10(F,OH)2·nH2O",Silicates,6
RRUFF,Hedenbergite,CaFe^2+^Si2O6,Silicates,90
RRUFF,Hedleyite,Bi7Te3,Other classes,6
RRUFF,Heflikite,Ca2(Al2Sc)(Si2O7)(SiO4)O(OH),Silicates,3
RRUFF,Heidornite,Na2Ca3B5O8(SO4)2(OH)2Cl,Sulfates,6
RRUFF,Heinrichite,Ba(UO2)2(AsO4)2·10H2O,Arsenates,6
RRUFF,Heisenbergite,(UO2)(OH)2·H2O,Oxides / hydroxides,2
RRUFF,Heklaite,KNaSiF6,Silicates,8
RRUFF,Hellandite-(Ce),"(Ca,REE)4Ce2Al[box]2(B4Si4O22)(OH)2",Silicates,6
RRUFF,Hellyerite,Ni(CO3)·6H2O,Carbonates,6
RRUFF,Helvine,Be3Mn^2+^4(SiO4)3S,Silicates,20
RRUFF,Hematite,Fe2O3,Oxides / hydroxides,53
RRUFF,Hematophanite,"Pb4Fe^3+^3O8(Cl,OH)",Oxides / hydroxides,6
RRUFF,Hemihedrite,ZnPb10(CrO4)6(SiO4)2(OH)2,Silicates,24
RRUFF,Hemimorphite,Zn4(Si2O7)(OH)2·H2O,Silicates,39
RRUFF,Hemusite,Cu^1+^4Cu^2+^2SnMoS8,Sulfides,6
RRUFF,Hendersonite,"Ca1.3(V^5+^,V^4+^)6O16·6H2O",Oxides / hydroxides,8
RRUFF,Henmilite,Ca2Cu[B(OH)4]2(OH)4,Borates,8
RRUFF,Hennomartinite,SrMn^3+^2(Si2O7)(OH)2·H2O,Silicates,6
RRUFF,Henritermierite,Ca3Mn^3+^2(SiO4)2(OH)4,Silicates,6
RRUFF,Henrysunite,Na2(C2H3O3)2(H2O),Oxides / hydroxides,3
RRUFF,Hentschelite,CuFe^3+^2(PO4)2(OH)2,Phosphates,6
RRUFF,Herbertsmithite,Cu3Zn(OH)6Cl2,Oxides / hydroxides,12
RRUFF,Hercynite,Fe^2+^Al2O4,Oxides / hydroxides,6
RRUFF,Herderite,CaBe(PO4)F,Phosphates,6
RRUFF,Hessite,Ag2Te,Other classes,13
RRUFF,Hetaerolite,ZnMn^3+^2O4,Oxides / hydroxides,6
RRUFF,Heterogenite,Co^3+^O(OH),Oxides / hydroxides,8
RRUFF,Heterosite,Fe^3+^(PO4),Phosphates,17
RRUFF,Heulandite-Ca,"(Ca,Na,K)5(Si27Al9)O72·26H2O",Silicates,166
RRUFF,Heulandite-K,"(K,Ca,Na)5(Si27Al9)O72·26H2O",Silicates,6
RRUFF,Heulandite-Na,"(Na,Ca,K)6(Si,Al)36O72·22H2O",Silicates,6
RRUFF,Heulandite-Sr,"(Sr,Ca,Na)5(Si27Al9)O72·24H2O",Silicates,6
RRUFF,Hewettite,CaV^5+^6O16·9H2O,Oxides / hydroxides,8
RRUFF,Hexahydrite,Mg(SO4)·6H2O,Sulfates,6
RRUFF,Hexathioplumbite,[Pb4(OH)4]Pb(S2O3)3,Oxides / hydroxides,2
RRUFF,Heyrovskyite,Pb6Bi2S9,Sulfides,8
RRUFF,Hibonite,CaAl12O19,Oxides / hydroxides,6
RRUFF,Hilairite,Na2ZrSi3O9·3H2O,Silicates,8
RRUFF,Hilgardite,Ca2B5O9Cl·H2O,Oxides / hydroxides,12
RRUFF,Hillebrandite,Ca2SiO3(OH)2,Silicates,6
RRUFF,Hillite,Ca2Zn(PO4)2·2H2O,Phosphates,6
RRUFF,Hingganite-(Ce),BeCe(SiO4)(OH),Silicates,5
RRUFF,Hingganite-(Y),BeY(SiO4)(OH),Silicates,14
RRUFF,Hiortdahlite,Na2Ca4(Ca0.5Zr0.5)Zr(Si2O7)2OF3,Silicates,13
RRUFF,Hisingerite,Fe2Si2O5(OH)4·2H2O,Silicates,8
RRUFF,Hocartite,Ag2FeSnS4,Sulfides,6
RRUFF,Hochelagaite,CaNb4O11·8H2O,Oxides / hydroxides,6
RRUFF,Hochleitnerite,[(H2O)K]Mn2(Ti2Fe^3+^)(PO4)4O2(H2O)10·4H2O,Phosphates,3
RRUFF,Hodgkinsonite,Zn2Mn^2+^(SiO4)(OH)2,Silicates,6
RRUFF,Hoelite,C14H8O2,Oxides / hydroxides,6
RRUFF,Hoganite,Cu(CH3COO)2·H2O,Oxides / hydroxides,12
RRUFF,Holdawayite,"Mn^2+^6(CO3)2(OH)7(Cl,OH)",Carbonates,8
RRUFF,Holdenite,Mn^2+^6Zn3(AsO4)2(SiO4)(OH)8,Silicates,6
RRUFF,Holfertite,(UO2)1.75Ca0.25TiO4·3H2O,Oxides / hydroxides,6
RRUFF,Hollandite,Ba(Mn^4+^6Mn^3+^2)O16,Oxides / hydroxides,12
RRUFF,Holmquistite,[box]Li2(Mg3Al2)Si8O22(OH)2,Silicates,14
RRUFF,Holtedahlite,"Mg12(PO3OH,CO3)(PO4)5(OH,O)6",Carbonates,5
RRUFF,Holtite,(Ta0.6[box]0.4)Al6BSi3O18,Silicates,6
RRUFF,Holtstamite,Ca3Al2(SiO4)2(OH)4,Silicates,6
RRUFF,Hopeite,Zn3(PO4)2·4H2O,Phosphates,13
RRUFF,Hoperanchite,(NH4)2(S2O3),Oxides / hydroxides,3
RRUFF,Hornesite,Mg3(AsO4)2·8H2O,Arsenates,14
RRUFF,Howardevansite,NaCu^2+^Fe^3+^2(VO4)3,Vanadates,6
RRUFF,Howieite,"Na(Fe^2+^,Fe^3+^,Al,Mg)12(Si6O17)2(O,OH)10",Silicates,12
RRUFF,Howlite,Ca2SiB5O9(OH)5,Silicates,14
RRUFF,Hsianghualite,Li2Ca3Be3(SiO4)3F2,Silicates,5
RRUFF,Hubeite,Ca2Mn^2+^Fe^3+^Si4O12(OH)·2H2O,Silicates,6
RRUFF,Hubnerite,Mn^2+^(WO4),Tungstates,94
RRUFF,Hughesite,Na3AlV10O28·22H2O,Oxides / hydroxides,4
RRUFF,Hulsite,Fe^2+^2Fe^3+^O2(BO3),Borates,19
RRUFF,Humberstonite,K3Na7Mg2(SO4)6(NO3)2·6H2O,Nitrates,8
RRUFF,Humboldtine,Fe^2+^(C2O4)·2H2O,Oxides / hydroxides,12
RRUFF,Humite,Mg7(SiO4)3F2,Silicates,62
RRUFF,Hummerite,KMgV^5+^5O14·8H2O,Oxides / hydroxides,6
RRUFF,Huntite,CaMg3(CO3)4,Carbonates,16
RRUFF,Hureaulite,Mn^2+^5(PO3OH)2(PO4)2·4H2O,Phosphates,12
RRUFF,Hurlbutite,CaBe2(PO4)2,Phosphates,15
RRUFF,Hutchinsonite,TlPbAs5S9,Sulfides,8
RRUFF,Huttonite,Th(SiO4),Silicates,1
RRUFF,Hydroboracite,CaMg[B3O4(OH)3]2·3H2O,Oxides / hydroxides,12
RRUFF,Hydrocerussite,Pb3(CO3)2(OH)2,Carbonates,20
RRUFF,Hydrokenoelsmoreite,[box]2W2O6(H2O),Oxides / hydroxides,6
RRUFF,Hydrokenoralstonite,[box]2Al2F6(H2O),Oxides / hydroxides,6
RRUFF,Hydromagnesite,Mg5(CO3)4(OH)2·4H2O,Carbonates,9
RRUFF,Hydroniumjarosite,(H3O)Fe^3+^3(SO4)2(OH)6,Sulfates,6
RRUFF,Hydropascoite,Ca3(V10O28)·24H2O,Oxides / hydroxides,3
RRUFF,Hydropyrochlore,"(H2O,[box])2Nb2(O,OH)6(H2O)",Oxides / hydroxides,6
RRUFF,Hydroredmondite,[Pb8O2Zn(OH)6](S2O3)4·2H2O,Oxides / hydroxides,4
RRUFF,Hydroromarchite,Sn^2+^3O2(OH)2,Oxides / hydroxides,7
RRUFF,Hydrotalcite,Mg6Al2(OH)16(CO3)(H2O)4,Carbonates,16
RRUFF,Hydrotungstite,WO2(OH)2·H2O,Oxides / hydroxides,8
RRUFF,Hydroxyapophyllite-(K),"KCa4Si8O20(OH,F)·8H2O",Silicates,14
RRUFF,Hydroxycalciomicrolite,Ca1.5Ta2O6(OH),Oxides / hydroxides,6
RRUFF,Hydroxykenomicrolite,"([box],Na,Sb^3+^)2Ta2O6(OH)",Oxides / hydroxides,6
RRUFF,Hydroxylapatite,Ca5(PO4)3OH,Phosphates,28
RRUFF,Hydroxylbastnasite-(Ce),Ce(CO3)(OH),Carbonates,23
RRUFF,Hydroxylbenyacarite,(H2O)2Mn2(Ti2Fe)(PO4)4[O(OH)](H2O)10·4H2O,Phosphates,3
RRUFF,Hydroxylclinohumite,Mg9(SiO4)4(OH)2,Silicates,10
RRUFF,Hydroxylellestadite,Ca5(SiO4)1.5(SO4)1.5OH,Silicates,6
RRUFF,Hydroxylhedyphane,Ca2Pb3(AsO4)3(OH),Arsenates,6
RRUFF,Hydroxylherderite,CaBe(PO4)(OH),Phosphates,30
RRUFF,Hydroxylpyromorphite,Pb5(PO4)3(OH),Phosphates,6
RRUFF,Hydroxymcglassonite-(K),KSr4Si8O20(OH)·8H2O,Silicates,3
RRUFF,Hydrozincite,Zn5(CO3)2(OH)6,Carbonates,2
RRUFF,Idrialite,C22H14,Other classes,2
RRUFF,Iimoriite-(Y),Y2(SiO4)(CO3),Silicates,7
RRUFF,Ilesite,Mn^2+^(SO4)·4H2O,Sulfates,14
RRUFF,Ilmenite,Fe^2+^Ti^4+^O3,Oxides / hydroxides,14
RRUFF,Ilsemannite,Mo3O8·nH2O(?),Oxides / hydroxides,7
RRUFF,Ilvaite,CaFe^3+^Fe^2+^2O(Si2O7)(OH),Silicates,48
RRUFF,Imandrite,Na12Ca3Fe^3+^2Si12O36,Silicates,6
RRUFF,Imayoshiite,Ca3Al(CO3)[B(OH)4](OH)6·12H2O,Carbonates,3
RRUFF,Imiterite,Ag2HgS2,Sulfides,6
RRUFF,Inderborite,CaMg[B3O3(OH)5]2(H2O)4·2H2O,Oxides / hydroxides,6
RRUFF,Inderite,Mg[B3O3(OH)5](H2O)4·H2O,Oxides / hydroxides,40
RRUFF,Indialite,Mg2Al3(AlSi5)O18,Silicates,6
RRUFF,Indium,In,Other classes,7
RRUFF,Inesite,Ca2Mn^2+^7Si10O28(OH)2·5H2O,Silicates,13
RRUFF,Ingersonite,Ca3Mn^2+^Sb^5+^4O14,Oxides / hydroxides,6
RRUFF,Insizwaite,PtBi2,Other classes,6
RRUFF,Inyoite,CaB3O3(OH)5·4H2O,Oxides / hydroxides,48
RRUFF,Iodargyrite,AgI,Halides,14
RRUFF,Iowaite,Mg6Fe^3+^2(OH)16Cl2·4H2O,Oxides / hydroxides,12
RRUFF,Iquiqueite,K3Na4Mg(CrO4)B24O39(OH)·12H2O,Oxides / hydroxides,6
RRUFF,Iranite,CuPb10(CrO4)6(SiO4)2(OH)2,Silicates,8
RRUFF,Iridium,Ir,Other classes,6
RRUFF,Iriginite,(UO2)Mo^6+^2O7·3H2O,Oxides / hydroxides,6
RRUFF,Iron,Fe,Other classes,7
RRUFF,Ishikawaite,"(U,Fe,Y)NbO4",Borates,7
RRUFF,Isocubanite,CuFe2S3,Sulfides,8
RRUFF,Isoferroplatinum,Pt3Fe,Other classes,5
RRUFF,Isokite,CaMg(PO4)F,Phosphates,5
RRUFF,Itsiite,Ba2Ca(BSi2O7)2,Silicates,6
RRUFF,Ixiolite-(Mn2+),(Ta2/3Mn^2+^1/3)O2,Oxides / hydroxides,13
RRUFF,Izoklakeite,"Pb26.4(Cu,Fe)2(Sb,Bi)19.6S57",Sulfides,6
RRUFF,Jacobsite,Mn^2+^Fe^3+^2O4,Oxides / hydroxides,27
RRUFF,Jadeite,NaAlSi2O6,Silicates,46
RRUFF,Jagoite,"Pb18Fe^3+^4[Si4(Si,Fe^3+^)6][Pb4Si16(Si,Fe)4]O82Cl6",Silicates,8
RRUFF,Jagowerite,BaAl2(PO4)2(OH)2,Phosphates,6
RRUFF,Jahnsite-(CaMnFe),CaMn^2+^Fe^2+^2Fe^3+^2(PO4)4(OH)2·8H2O,Phosphates,16
RRUFF,Jahnsite-(CaMnMg),CaMn^2+^Mg2Fe^3+^2(PO4)4(OH)2·8H2O,Phosphates,6
RRUFF,Jahnsite-(CaMnMn),CaMn^2+^Mn^2+^2Fe^3+^2(PO4)4(OH)2·8H2O,Phosphates,8
RRUFF,Jahnsite-(MnMnZn),Mn^2+^Mn^2+^Zn2Fe^3+^2(PO4)4(OH)2·8H2O,Phosphates,4
RRUFF,Jamborite,Ni^2+^1-xCo^3+^x(OH)2-x(SO4)x·nH2O[x≤1/3n;≤(1-x)],Sulfates,6
RRUFF,Jamesite,"Pb2ZnFe^3+^2(Fe^3+^,Zn)4(AsO4)4(OH)8(OH,O)2",Arsenates,10
RRUFF,Jamesonite,Pb4FeSb6S14,Sulfides,56
RRUFF,Janhaugite,"Na3Mn^2+^3Ti2(Si2O7)2(O,OH,F)4",Silicates,8
RRUFF,Jarlite,"Na2(Sr,Na)14(Mg,[box])2Al12F64(OH)4",Oxides / hydroxides,6
RRUFF,Jarosite,KFe^3+^3(SO4)2(OH)6,Sulfates,24
RRUFF,Jasmundite,Ca11O2(SiO4)4S,Silicates,6
RRUFF,Jasonsmithite,Mn^2+^4ZnAl(PO4)4(OH)(H2O)7·3.5H2O,Phosphates,3
RRUFF,Jeanbandyite,Fe^3+^Sn(OH)5O,Oxides / hydroxides,8
RRUFF,Jensenite,Cu^2+^3Te^6+^O6·2H2O,Oxides / hydroxides,6
RRUFF,Jeremejevite,Al6(BO3)5F3,Borates,12
RRUFF,Jerrygibbsite,Mn^2+^9(SiO4)4(OH)2,Silicates,13
RRUFF,Jimkrieghite,Ca(C2H3O3)2,Oxides / hydroxides,6
RRUFF,Jinshajiangite,BaNaFe^2+^4Ti2(Si2O7)2O2(OH)2F,Silicates,18
RRUFF,Joaquinite-(Ce),NaBa2Fe^2+^Ti2Ce2(Si4O12)2O2(OH)·H2O,Silicates,9
RRUFF,Joesmithite,Pb^2+^Ca2(Mg3Fe^3+^2)(Si6Be2)O22(OH)2,Silicates,6
RRUFF,Johachidolite,CaAlB3O7,Oxides / hydroxides,6
RRUFF,Johanngeorgenstadtite,Ni^2+^4.5(AsO4)3,Arsenates,4
RRUFF,Johannite,Cu(UO2)2(SO4)2(OH)2·8H2O,Sulfates,6
RRUFF,Johannsenite,CaMnSi2O6,Silicates,12
RRUFF,Johnbaumite,Ca5(AsO4)3(OH),Arsenates,8
RRUFF,Johninnesite,Na2Mn^2+^9Mg7(AsO4)2(Si6O17)2(OH)8,Silicates,6
RRUFF,Jokokuite,Mn^2+^(SO4)·5H2O,Sulfates,7
RRUFF,Jonesite,KBa2Ti2(Si5Al)O18·nH2O,Silicates,14
RRUFF,Jordanite,Pb14As6S23,Sulfides,8
RRUFF,Jordisite,MoS2,Sulfides,6
RRUFF,Jorgensenite,Na2Sr14Na2Al12F64(OH)4,Oxides / hydroxides,8
RRUFF,Joseite-A,Bi4TeS2,Sulfides,6
RRUFF,Jouravskite,Ca3Mn^4+^(SO4)(CO3)(OH)6·12H2O,Carbonates,6
RRUFF,Juabite,CaCu10(Te^4+^O3)4(AsO4)4(OH)2·4H2O,Arsenates,6
RRUFF,Juangodoyite,Na2Cu(CO3)2,Carbonates,6
RRUFF,Juanitaite,"(Cu,Ca,Fe)10Bi(AsO4)4(OH)11·2H2O",Arsenates,3
RRUFF,Julgoldite-(Fe2+),Ca2Fe^2+^Fe^3+^2(Si2O7)(SiO4)(OH)2·H2O,Silicates,8
RRUFF,Julgoldite-(Fe3+),Ca2Fe^3+^Fe^3+^2(Si2O7)(SiO4)O(OH)·H2O,Silicates,5
RRUFF,Junitoite,CaZn2Si2O7·H2O,Silicates,14
RRUFF,Juonniite,CaMgSc(PO4)2(OH)·4H2O,Phosphates,8
RRUFF,K3Fe(CN)5NO,?,Unknown formula,6
RRUFF,Kaersutite,NaCa2(Mg3AlTi^4+^)(Si6Al2)O22O2,Silicates,11
RRUFF,Kainite,KMg(SO4)Cl·2.75H2O,Sulfates,14
RRUFF,Kainosite-(Y),Ca2Y2(SiO3)4(CO3)·H2O,Silicates,6
RRUFF,Kaliborite,KHMg2B12O16(OH)10·4H2O,Oxides / hydroxides,6
RRUFF,Kalicinite,KH(CO3),Carbonates,6
RRUFF,Kaliophilite,KAlSiO4,Silicates,6
RRUFF,Kalsilite,KAlSiO4,Silicates,22
RRUFF,Kamaishilite,Ca2(SiAl2)O6(OH)2,Silicates,6
RRUFF,Kamarizaite,Fe^3+^3(AsO4)2(OH)3·3H2O,Arsenates,8
RRUFF,Kamchatkite,KCu3O(SO4)2Cl,Sulfates,6
RRUFF,Kamphaugite-(Y),CaY(CO3)2(OH)·H2O,Carbonates,8
RRUFF,Kanemite,NaSi2O4(OH)·3H2O,Silicates,7
RRUFF,Kankite,Fe^3+^(AsO4)·3.5H2O,Arsenates,6
RRUFF,Kanoite,MnMgSi2O6,Silicates,38
RRUFF,Kapellasite,Cu3Zn(OH)6Cl2,Oxides / hydroxides,6
RRUFF,Kapustinite,Na6ZrSi6O16(OH)2,Silicates,6
RRUFF,Karchevskyite,Mg18Al9(OH)54Sr2(CO3)9(H2O)6(H3O)5,Carbonates,8
RRUFF,Karibibite,Fe^3+^3(As^3+^O2)4(As^3+^2O5)(OH),Oxides / hydroxides,12
RRUFF,Karlleuite,Ca2MnO4,Oxides / hydroxides,4
RRUFF,Karlseifertite,Pb(Ga2Ge)(AsO4)2(OH)6,Arsenates,3
RRUFF,Karnasurtite-(Ce),CeTiAlSi2O7(OH)4·3H2O,Silicates,5
RRUFF,Kasolite,Pb(UO2)(SiO4)·H2O,Silicates,15
RRUFF,Katayamalite,KLi3Ca7Ti2(SiO3)12(OH)2,Silicates,14
RRUFF,Katoite,Ca3Al2(OH)12,Oxides / hydroxides,12
RRUFF,Katoptrite,Mn^2+^13Al4Sb^5+^2O20(SiO4)2,Silicates,6
RRUFF,Kazanskyite,Ba[box]TiNbNa3Ti(Si2O7)2O2(OH)2(H2O)2,Silicates,1
RRUFF,Kegelite,Pb4Al2Si4O10(SO4)(CO3)2(OH)4,Silicates,6
RRUFF,Keilite,FeS,Sulfides,5
RRUFF,Keiviite-(Yb),Yb2Si2O7,Silicates,2
RRUFF,Kellyite,"(Mn^2+^,Mg,Al)3(Si,Al)2O5(OH)4",Silicates,6
RRUFF,Kemmlitzite,SrAl3(AsO4)(SO4)(OH)6,Arsenates,6
RRUFF,Kempite,Mn^2+^2Cl(OH)3,Oxides / hydroxides,8
RRUFF,Kenoargentotetrahedrite-(Fe),Ag6(Cu4Fe2)Sb4S12[box],Sulfides,6
RRUFF,Kenoargentotetrahedrite-(Zn),Ag6(Cu4Zn2)Sb4S12[box],Sulfides,2
RRUFF,Kenoplumbomicrolite,"(Pb,[box])2Ta2O6[[box],(OH),O]",Oxides / hydroxides,6
RRUFF,Kenorozhdestvenskayaite-(Fe),Ag6(Ag4Fe2)Sb4S12[box],Sulfides,2
RRUFF,Kentbrooksite,"(Na,REE)15(Ca,REE)6Mn3Zr3Nb(Si25O73)(O,OH,H2O)3(F,Cl)2",Silicates,6
RRUFF,Kentrolite,Pb2Mn^3+^2O2(Si2O7),Silicates,6
RRUFF,Kermesite,Sb2OS2,Oxides / hydroxides,6
RRUFF,Kernite,Na2B4O6(OH)2·3H2O,Oxides / hydroxides,8
RRUFF,Kesterite,Cu2ZnSnS4,Sulfides,8
RRUFF,Kettnerite,CaBiO(CO3)F,Carbonates,7
RRUFF,Keyite,([box]0.5Cu0.5)CuCdZn2(AsO4)3·H2O,Arsenates,13
RRUFF,Keystoneite,Mg0.5NiFe^3+^(Te^4+^O3)3·4H2O,Oxides / hydroxides,16
RRUFF,Khaidarkanite,Cu4Al3(OH)14F3·2H2O,Oxides / hydroxides,2
RRUFF,Khanneshite,"(Na,Ca)3(Ba,Sr,Ce,Ca)3(CO3)5",Carbonates,6
RRUFF,Khinite,Cu^2+^3PbTe^6+^O6(OH)2,Oxides / hydroxides,8
RRUFF,Kidwellite,NaFe^3+^9+x(PO4)6(OH)11·3H2O(x≈0.33),Phosphates,14
RRUFF,Kimuraite-(Y),CaY2(CO3)4·6H2O,Carbonates,8
RRUFF,Kimzeyite,Ca3Zr2(SiAl2)O12,Silicates,8
RRUFF,Kingite,Al3(PO4)2F2(OH)·7H2O,Phosphates,6
RRUFF,Kinoite,Ca2Cu2Si3O10·2H2O,Silicates,16
RRUFF,Kinoshitalite,BaMg3(Si2Al2O10)(OH)2,Silicates,8
RRUFF,Kipushite,Cu6(PO4)2(OH)6·H2O,Phosphates,6
RRUFF,Kirschsteinite,CaFe^2+^(SiO4),Silicates,5
RRUFF,Klebelsbergite,Sb^3+^4O4(SO4)(OH)2,Sulfates,8
RRUFF,Kleinite,"(Hg2N)(Cl,SO4)·nH2O",Sulfates,12
RRUFF,Klockmannite,Cu5.2Se6,Other classes,8
RRUFF,Klyuchevskite,K3Cu3Fe^3+^O2(SO4)4,Sulfates,8
RRUFF,Kobellite,"Pb11(Cu,Fe)2(Bi,Sb)15S35",Sulfides,12
RRUFF,Kobyashevite,Cu5(SO4)2(OH)6·4H2O,Sulfates,6
RRUFF,Koenenite,Na4Mg9Al4Cl12(OH)22,Oxides / hydroxides,6
RRUFF,Kolarite,PbTeCl2,Halides,6
RRUFF,Kolbeckite,Sc(PO4)·2H2O,Phosphates,12
RRUFF,Komarovite,"(Ca,Sr,Na)6-x(Nb,Ti)6(Si4O12)(O,OH,F)16·nH2O",Silicates,6
RRUFF,Kombatite,Pb14O9(VO4)2Cl4,Vanadates,8
RRUFF,Konzettite,CaMn^4+^Te^6+^O6,Oxides / hydroxides,4
RRUFF,Koritnigite,Zn(AsO3OH)·H2O,Sulfates,6
RRUFF,Kornerupine,"(Mg,Fe^2+^,Al,[box])10(Si,Al,B)5O21(OH,F)2",Silicates,38
RRUFF,Korobitsynite,"(Na,[box])4Ti2(Si4O12)(O,OH)2·4H2O",Silicates,8
RRUFF,Kosmochlor,NaCr^3+^Si2O6,Silicates,6
RRUFF,Kosnarite,KZr2(PO4)3,Phosphates,6
RRUFF,Kostovite,AuCuTe4,Other classes,7
RRUFF,Kotoite,Mg3(BO3)2,Borates,6
RRUFF,Kottigite,Zn3(AsO4)2·8H2O,Arsenates,12
RRUFF,Kovdorskite,Mg2(PO4)(OH)·3H2O,Phosphates,14
RRUFF,Kozoite-(La),La(CO3)(OH),Carbonates,6
RRUFF,Kozoite-(Nd),Nd(CO3)(OH),Carbonates,6
RRUFF,Kraisslite,"Zn3(Mn,Mg)25(Fe^3+^,Al)(As^3+^O3)2[(Si,As^5+^)O4]10(OH)16",Silicates,6
RRUFF,Krasnoite,Ca3Al7.7Si3P4O22.9(OH)13.3F2·8H2O,Silicates,8
RRUFF,Krasnovite,"Ba(Al,Mg)(PO4,CO3)(OH)2·H2O",Carbonates,8
RRUFF,Krausite,KFe^3+^(SO4)2·H2O,Sulfates,6
RRUFF,Krauskopfite,BaSi2O5·3H2O,Silicates,8
RRUFF,Krautite,Mn(AsO3OH)·H2O,Sulfates,6
RRUFF,Krennerite,Au3AgTe8,Other classes,8
RRUFF,Krinovite,Na4[Mg8Cr^3+^4]O4[Si12O36],Silicates,4
RRUFF,Kristiansenite,Ca4Sc2Sn2(Si2O7)2(Si2O6OH)2,Silicates,8
RRUFF,Krohnkite,Na2Cu(SO4)2·2H2O,Sulfates,16
RRUFF,Krupkaite,PbCuBi3S6,Sulfides,19
RRUFF,Krutaite,CuSe2,Other classes,6
RRUFF,Kryzhanovskite,"(Fe^3+^,Mn^2+^)3(PO4)2(OH,H2O)3",Phosphates,18
RRUFF,Ktenasite,ZnCu4(SO4)2(OH)6·6H2O,Sulfates,14
RRUFF,Kukharenkoite-(Ce),Ba2Ce(CO3)3F,Carbonates,5
RRUFF,Kuksite,Pb3Zn3TeO6(PO4)2,Phosphates,8
RRUFF,Kulanite,BaFe^2+^2Al2(PO4)3(OH)3,Phosphates,8
RRUFF,Kunatite,CuFe^3+^2(PO4)2(OH)2·4H2O,Phosphates,8
RRUFF,Kupletskite,K2NaMn^2+^7Ti2(Si4O12)2O2(OH)4F,Silicates,6
RRUFF,Kupletskite-(Cs),Cs2NaMn^2+^7Ti2(Si4O12)2O2(OH)4F,Silicates,5
RRUFF,Kurchatovite,CaMgB2O5,Oxides / hydroxides,6
RRUFF,Kurnakovite,MgB3O3(OH)5·5H2O,Oxides / hydroxides,66
RRUFF,Kusachiite,Cu^2+^Bi^3+^2O4,Oxides / hydroxides,3
RRUFF,Kushiroite,CaAlAlSiO6,Silicates,6
RRUFF,Kutnohorite,CaMn^2+^(CO3)2,Carbonates,22
RRUFF,Kuzmenkoite-Mn,K2MnTi4(Si4O12)2(OH)4·5-6H2O,Silicates,8
RRUFF,Kyanite,Al2OSiO4,Silicates,124
RRUFF,Laachite,"(Ca,Mn)2Zr2Nb2TiFeO14",Oxides / hydroxides,6
RRUFF,Labuntsovite-Mg,Na4K4Mg2Ti8O4(Si4O12)4(OH)4·10-12H2O,Silicates,5
RRUFF,Labuntsovite-Mn,Na4K4Mn^2+^2Ti8O4(Si4O12)4(OH)4·10-12H2O,Silicates,6
RRUFF,Laihunite,"(Fe^3+^,Fe^2+^,[box])2(SiO4)",Silicates,6
RRUFF,Lammerite,Cu3(AsO4)2,Arsenates,13
RRUFF,Lamprophyllite,(SrNa)Ti2Na3Ti(Si2O7)2O2(OH)2,Silicates,18
RRUFF,Lanarkite,Pb2O(SO4),Sulfates,8
RRUFF,Langbanite,Mn^2+^4Mn^3+^9Sb^5+^O16(SiO4)2,Silicates,14
RRUFF,Langbeinite,K2Mg2(SO4)3,Sulfates,6
RRUFF,Langite,Cu4(SO4)(OH)6·2H2O,Sulfates,22
RRUFF,Lannonite,HCa4Mg2Al4(SO4)8F9·32H2O,Sulfates,8
RRUFF,Lanthanite-(Nd),Nd2(CO3)3·8H2O,Carbonates,17
RRUFF,Larderellite,(NH4)B5O7(OH)2·H2O,Oxides / hydroxides,6
RRUFF,Larisaite,Na(H3O)(UO2)3(Se^4+^O3)2O2·4H2O,Oxides / hydroxides,6
RRUFF,Larnite,Ca2(SiO4),Silicates,6
RRUFF,Lasalite,Na2Mg2V10O28·20H2O,Oxides / hydroxides,6
RRUFF,Laueite,Mn^2+^Fe^3+^2(PO4)2(OH)2·8H2O,Phosphates,6
RRUFF,Laumontite,CaAl2Si4O12·4H2O,Silicates,46
RRUFF,Laurelite,Pb7F12Cl2,Halides,12
RRUFF,Laurionite,PbCl(OH),Oxides / hydroxides,12
RRUFF,Laurite,RuS2,Sulfides,8
RRUFF,Lausenite,Fe^3+^2(SO4)3·5H2O,Sulfates,6
RRUFF,Lavendulan,NaCaCu5(AsO4)4Cl·5H2O,Arsenates,15
RRUFF,Lavenite,"(Na,Ca)4(Mn^2+^,Fe^2+^)2(Zr,Ti,Nb)2(Si2O7)2(O,F)4",Silicates,7
RRUFF,Laverovite,K2NaMn7Zr2(Si4O12)2O2(OH)4F,Silicates,58
RRUFF,Lavinskyite,K(LiCu)Cu6(Si4O11)2(OH)4,Silicates,14
RRUFF,Lawsonite,CaAl2(Si2O7)(OH)2·H2O,Silicates,32
RRUFF,Lazaraskeite,Cu(C2H3O3)2,Oxides / hydroxides,12
RRUFF,Lazulite,MgAl2(PO4)2(OH)2,Phosphates,116
RRUFF,Lead,Pb,Other classes,11
RRUFF,Leadhillite,Pb4(SO4)(CO3)2(OH)2,Carbonates,15
RRUFF,Lecoqite-(Y),Na3Y(CO3)3·6H2O,Carbonates,2
RRUFF,Leesite,K(H2O)2[(UO2)4O2(OH)5]·3H2O,Oxides / hydroxides,6
RRUFF,Lefontite,Fe2Al2Be(PO4)2(OH)6,Phosphates,18
RRUFF,Legrandite,Zn2(AsO4)(OH)·H2O,Arsenates,40
RRUFF,Leifite,"Na7Be2(Si15Al3)O39(F,OH)2",Silicates,6
RRUFF,Leightonite,K2Ca2Cu(SO4)4·2H2O,Sulfates,8
RRUFF,Leiteite,ZnAs^3+^2O4,Oxides / hydroxides,8
RRUFF,Lemmleinite-Ba,"Na4K4Ba2+xTi8(Si4O12)4(OH,O)8·8H2O",Silicates,12
RRUFF,Lemoynite,Na2CaZr2Si10O26·5-6H2O,Silicates,8
RRUFF,Leningradite,PbCu3(VO4)2Cl2,Vanadates,8
RRUFF,Lenoblite,V^4+^2O4·2H2O,Oxides / hydroxides,8
RRUFF,Lepidocrocite,Fe^3+^O(OH),Oxides / hydroxides,8
RRUFF,Leucite,K(AlSi2O6),Silicates,46
RRUFF,Leucophanite,NaCaBeSi2O6F,Silicates,48
RRUFF,Leucophoenicite,Mn^2+^7(SiO4)3(OH)2,Silicates,12
RRUFF,Leucophosphite,KFe^3+^2(PO4)2(OH)·2H2O,Phosphates,14
RRUFF,Leucosphenite,Na4BaTi2B2Si10O30,Silicates,6
RRUFF,Levyne-Ca,Ca3(Si12Al6)O36·18H2O,Silicates,12
RRUFF,Levyne-Na,Na6(Si12Al6)O36·18H2O,Silicates,24
RRUFF,Leybovite-K,KCuNa(MgFe^3+^)(AsO4)3,Arsenates,3
RRUFF,Lianbinite,(NH4)(C2H3O3)(C2H4O3),Oxides / hydroxides,6
RRUFF,Liangjunite,K2(Mo2O5)(SO4)2·3H2O,Sulfates,6
RRUFF,Libbyite,(NH4)2(Na2[box])[(UO2)2(SO4)3(H2O)]2·7H2O,Sulfates,2
RRUFF,Libethenite,Cu2(PO4)(OH),Phosphates,16
RRUFF,Libyan Desert glass,?,Unknown formula,6
RRUFF,Liebenbergite,Ni2(SiO4),Silicates,14
RRUFF,Liebigite,Ca2(UO2)(CO3)3·11H2O,Carbonates,8
RRUFF,Likasite,Cu3(NO3)(OH)5·2H2O,Nitrates,13
RRUFF,Lileyite,Ba2Ti2Na(NaFe^2+^)Mg(Si2O7)2O2F2,Silicates,6
RRUFF,Lillianite,Pb3-2xAgxBi2+xS6,Sulfides,6
RRUFF,Linarite,CuPb(SO4)(OH)2,Sulfates,19
RRUFF,Lindgrenite,Cu3(Mo^6+^O4)2(OH)2,Oxides / hydroxides,21
RRUFF,Linekite,K2Ca3[(UO2)(CO3)3]2·8H2O,Carbonates,6
RRUFF,Liottite,Na16Ca8Si18Al18O72(SO4)5Cl4,Silicates,8
RRUFF,Lipuite,KNa8Mn^3+^5Mg0.5[Si12O30(OH)4](PO4)O2(OH)2·4H2O,Silicates,6
RRUFF,Liroconite,Cu2Al(AsO4)(OH)4·4H2O,Arsenates,8
RRUFF,Liskeardite,"(Al,Fe)32(AsO4)18(OH)42(H2O)22·52H2O",Arsenates,7
RRUFF,Litharge,PbO,Oxides / hydroxides,6
RRUFF,Lithiomarsturite,LiCaMn^2+^3Si5O14(OH),Silicates,6
RRUFF,Lithiophilite,LiMn^2+^(PO4),Phosphates,12
RRUFF,Lithiophorite,"(Al,Li)(Mn^4+^,Mn^3+^)O2(OH)2",Oxides / hydroxides,6
RRUFF,Lithiophosphate,Li3(PO4),Phosphates,6
RRUFF,Lithiotantite,LiTa3O8,Oxides / hydroxides,6
RRUFF,Litidionite,KNaCuSi4O10,Silicates,6
RRUFF,Liudongshengite,Zn4Cr2(OH)12(CO3)·3H2O,Carbonates,4
RRUFF,Livingstonite,HgSb4S6(S)2,Sulfides,30
RRUFF,Lizardite,Mg3Si2O5(OH)4,Silicates,6
RRUFF,Lobanovite,K2Na(Fe^2+^4Mg2Na)Ti2(Si4O12)2O2(OH)4,Silicates,8
RRUFF,Lokkaite-(Y),CaY4(CO3)7·9H2O,Carbonates,6
RRUFF,Lollingite,FeAs2,Other classes,22
RRUFF,Lombardoite,Ba2Mn^3+^(AsO4)2(OH),Arsenates,2
RRUFF,Lomonosovite,Na6Na2Ti2Na2Ti2(Si2O7)2(PO4)2O4,Silicates,8
RRUFF,Loomisite,Ba[Be2P2O8]·H2O,Oxides / hydroxides,6
RRUFF,Loparite,(Na0.5REE0.5)TiO3,Oxides / hydroxides,4
RRUFF,Lopezite,K2Cr2O7,Oxides / hydroxides,6
RRUFF,Lorandite,TlAsS2,Sulfides,12
RRUFF,Lorenzenite,Na2Ti2O3(Si2O6),Silicates,14
RRUFF,Lotharmeyerite,CaZn2(AsO4)2·2H2O,Arsenates,6
RRUFF,Lourenswalsite,"(K,Ba)2Ti4(Si,Al)6O14(OH)12",Silicates,6
RRUFF,Lovozerite,Na3CaZrSi6O15(OH)3,Silicates,14
RRUFF,Luanheite,Ag3Hg,Other classes,4
RRUFF,Ludjibaite,Cu5(PO4)2(OH)4,Phosphates,6
RRUFF,Ludlamite,Fe^2+^3(PO4)2·4H2O,Phosphates,55
RRUFF,Ludlockite,PbFe^3+^4As^3+^10O22,Oxides / hydroxides,6
RRUFF,Ludwigite,Mg2Fe^3+^O2(BO3),Borates,12
RRUFF,Lueshite,NaNbO3,Borates,8
RRUFF,Luetheite,CuAl(AsO4)(OH)2,Arsenates,8
RRUFF,Lulzacite,Sr2Fe^2+^3Al4(PO4)4(OH)10,Phosphates,6
RRUFF,Lussierite,Na10[(UO2)(SO4)4](SO4)2(H2O)3,Sulfates,3
RRUFF,Luzonite,Cu3AsS4,Sulfides,12
RRUFF,Macdonaldite,BaCa4Si16O36(OH)2·10H2O,Silicates,8
RRUFF,Macfallite,Ca2Mn^3+^3(SiO4)(Si2O7)(OH)3,Silicates,6
RRUFF,Mackayite,Fe^3+^Te^4+^2O5(OH),Oxides / hydroxides,6
RRUFF,Mackinawite,FeS,Sulfides,9
RRUFF,Macquartite,Cu2Pb7(CrO4)4(SiO4)2(OH)2,Silicates,6
RRUFF,Macraeite,K(H2O)Mn2(Fe2Ti)(PO4)4[O(OH)](H2O)10·4H2O,Phosphates,4
RRUFF,Magadiite,Na2Si14O28(OH)2·8H2O,Silicates,6
RRUFF,Maghemite,(Fe^3+^0.67[box]0.33)Fe^3+^2O4,Oxides / hydroxides,6
RRUFF,Magnesio-fluoro-arfvedsonite,NaNa2(Mg4Fe^3+^)Si8O22F2,Silicates,8
RRUFF,Magnesio-fluoro-hastingsite,NaCa2(Mg4Fe^3+^)(Si6Al2)O22F2,Silicates,18
RRUFF,Magnesio-foitite,[box](Mg2Al)Al6(Si6O18)(BO3)3(OH)3(OH),Silicates,1
RRUFF,Magnesio-hastingsite,NaCa2(Mg4Fe^3+^)(Si6Al2)O22(OH)2,Silicates,83
RRUFF,Magnesio-riebeckite,[box]Na2(Mg3Fe^3+^2)Si8O22(OH)2,Silicates,12
RRUFF,Magnesioalterite,Mg2Fe^3+^4(SO4)4(C2O4)2(OH)4·17H2O,Sulfates,6
RRUFF,Magnesioaubertite,MgAl(SO4)2Cl·14H2O,Sulfates,6
RRUFF,Magnesiocarpholite,MgAl2Si2O6(OH)4,Silicates,6
RRUFF,Magnesiochlorophoenicite,"Mg3Zn2(AsO4)(OH,O)6",Arsenates,6
RRUFF,Magnesiochromite,MgCr2O4,Oxides / hydroxides,44
RRUFF,Magnesiocopiapite,MgFe^3+^4(SO4)6(OH)2·20H2O,Sulfates,8
RRUFF,Magnesiocoulsonite,MgV2O4,Oxides / hydroxides,7
RRUFF,Magnesioferrite,MgFe^3+^2O4,Oxides / hydroxides,20
RRUFF,Magnesiofluckite,CaMg(AsO3OH)2(H2O)2,Sulfates,3
RRUFF,Magnesiohulsite,Mg2Fe^3+^O2(BO3),Borates,6
RRUFF,Magnesiotaaffeite-2N2S,Mg3BeAl8O16,Oxides / hydroxides,21
RRUFF,Magnesiotaaffeite-6N3S,Mg2BeAl6O12,Oxides / hydroxides,17
RRUFF,Magnesite,Mg(CO3),Carbonates,73
RRUFF,Magnesium stearate,?,Unknown formula,6
RRUFF,Magnetite,Fe^2+^Fe^3+^2O4,Oxides / hydroxides,62
RRUFF,Magnetoplumbite,PbFe^3+^12O19,Oxides / hydroxides,8
RRUFF,Magnussonite,"Mn^2+^10As^3+^6O18(OH,Cl)2",Oxides / hydroxides,6
RRUFF,Makatite,Na2Si4O8(OH)2·4H2O,Silicates,2
RRUFF,Malachite,Cu2(CO3)(OH)2,Carbonates,10
RRUFF,Malanite,Cu^1+^(Ir^3+^Pt^4+^)S4,Sulfides,7
RRUFF,Malayaite,CaSnO(SiO4),Silicates,18
RRUFF,Malhmoodite,Fe^2+^Zr(PO4)2·4H2O,Phosphates,12
RRUFF,Mammothite,Pb6Cu4AlSb^5+^O2(SO4)2Cl4(OH)16,Sulfates,6
RRUFF,Manaksite,KNaMn^2+^Si4O10,Silicates,6
RRUFF,Manandonite,Li2Al4(Si2AlB)O10(OH)8,Silicates,6
RRUFF,Mandarinoite,Fe^3+^2(Se^4+^O3)3·6H2O,Oxides / hydroxides,6
RRUFF,Manganbabingtonite,Ca2Mn^2+^Fe^3+^Si5O14(OH),Silicates,6
RRUFF,Mangani-obertiite,NaNa2(Mg3Mn^3+^Ti^4+^)Si8O22O2,Silicates,6
RRUFF,Manganilvaite,CaFe^2+^Fe^3+^Mn^2+^(Si2O7)O(OH),Silicates,6
RRUFF,Manganite,Mn^3+^O(OH),Oxides / hydroxides,18
RRUFF,Mangano-ferri-eckermannite,NaNa2(Mn^2+^4Fe^3+^)Si8O22(OH)2,Silicates,6
RRUFF,Mangano-mangani-ungarettiite,NaNa2(Mn^2+^2Mn^3+^3)Si8O22O2,Silicates,5
RRUFF,Manganoeudialyte,"Na14Ca6Mn3Zr3[Si26O72(OH)2](H2O,Cl,O,OH)6",Silicates,6
RRUFF,Manganogrunerite,[box]Mn2Fe^2+^5Si8O22(OH)2,Silicates,6
RRUFF,Manganohornesite,Mn^2+^3(AsO4)2·8H2O,Arsenates,6
RRUFF,Manganoneptunite,KNa2LiMn^2+^2Ti2Si8O24,Silicates,12
RRUFF,Manganoquadratite,AgMnAsS3,Sulfides,8
RRUFF,Manganosite,MnO,Oxides / hydroxides,13
RRUFF,Manganvesuvianite,Ca19Mn^3+^Al10Mg2(SiO4)10(Si2O7)4O(OH)9,Silicates,6
RRUFF,Manitobaite,Na16Mn^2+^25Al8(PO4)30,Phosphates,12
RRUFF,Manjiroite,Na(Mn^4+^7Mn^3+^)O16,Oxides / hydroxides,6
RRUFF,Mannardite,Ba(Ti6V^3+^2)O16,Oxides / hydroxides,13
RRUFF,Mansfieldite,Al(AsO4)·2H2O,Arsenates,12
RRUFF,Mapimite,Zn2Fe^3+^3(AsO4)3(OH)4·10H2O,Arsenates,6
RRUFF,Marcasite,FeS2,Sulfides,6
RRUFF,Marecottite,Mg3O6(UO2)8(SO4)4(OH)2·28H2O,Sulfates,6
RRUFF,Margaritasite,Cs2(UO2)2(VO4)2·H2O,Vanadates,6
RRUFF,Margarite,CaAl2Si2Al2O10(OH)2,Silicates,6
RRUFF,Margarosanite,Ca2PbSi3O9,Silicates,12
RRUFF,Marialite,Na4Al3Si9O24Cl,Silicates,190
RRUFF,Maricite,NaFe^2+^(PO4),Phosphates,6
RRUFF,Maricopaite,"Ca2Pb7(Si36Al12)O99·n(H2O,OH)",Silicates,8
RRUFF,Marinellite,Na42Ca6Al36Si36O144(SO4)8Cl2·6H2O,Silicates,6
RRUFF,Markascherite,Cu3(MoO4)(OH)4,Molybdates,7
RRUFF,Markeyite,Ca9(UO2)4(CO3)13·28H2O,Carbonates,3
RRUFF,Marokite,CaMn^3+^2O4,Oxides / hydroxides,12
RRUFF,Marsaalamite-(Y),Y(MoO4)(OH),Molybdates,3
RRUFF,Marshite,CuI,Halides,6
RRUFF,Marsturite,NaCaMn^2+^3Si5O14(OH),Silicates,18
RRUFF,Marthozite,Cu^2+^(UO2)3(Se^4+^O3)2O2·8H2O,Oxides / hydroxides,8
RRUFF,Mascagnite,(NH4)2(SO4),Sulfates,18
RRUFF,Masutomilite,"KLiAlMn^2+^(Si3Al)O10(F,OH)2",Silicates,6
RRUFF,Matlockite,PbClF,Halides,6
RRUFF,Mattheddleite,Pb5(SiO4)1.5(SO4)1.5Cl,Silicates,8
RRUFF,Matthiasweilite,PbTe^4+^O3,Oxides / hydroxides,3
RRUFF,Mauriziodiniite,(NH4)(As2O3)2I,Oxides / hydroxides,3
RRUFF,Mawbyite,PbFe^3+^2(AsO4)2(OH)2,Arsenates,6
RRUFF,Maxwellite,NaFe^3+^(AsO4)F,Arsenates,6
RRUFF,Mbobomkulite,"(Ni,Cu)Al4(NO3,SO4)2(OH)12·3H2O",Nitrates,6
RRUFF,Mcgillite,Mn^2+^8Si6O15(OH)8Cl2,Silicates,6
RRUFF,Mcgovernite,"Zn3(Mn^2+^,Mg,Fe^3+^,Al)42(As^3+^O3)2(As^5+^O4)4[(Si,As^5+^)O4]8(OH)42",Silicates,6
RRUFF,Mcguinnessite,CuMg(CO3)(OH)2,Carbonates,6
RRUFF,Medaite,Mn^2+^6V^5+^Si5O18(OH),Silicates,6
RRUFF,Meieranite,Na2Sr3MgSi6O17,Silicates,6
RRUFF,Meierite,Ba44Si66Al30O192Cl25(OH)33,Silicates,4
RRUFF,Meionite,Ca4Al6Si6O24(CO3),Silicates,24
RRUFF,Meitnerite,(NH4)(UO2)(SO4)(OH)·2H2O,Sulfates,2
RRUFF,Melanophlogite,C2H17O5·Si46O92,Silicates,12
RRUFF,Melanotekite,Pb2Fe^3+^2O2(Si2O7),Silicates,8
RRUFF,Melanovanadite,"Ca(V^5+^,V^4+^)4O10·5H2O",Oxides / hydroxides,16
RRUFF,Meliphanite,"Ca4(Na,Ca)4Be4AlSi7O24(F,O)4",Silicates,5
RRUFF,Mellite,Al2C6(COO)6·16H2O,Oxides / hydroxides,6
RRUFF,Mendipite,Pb3O2Cl2,Oxides / hydroxides,8
RRUFF,Mendozavilite-NaCu,[Na2(H2O)15Cu(H2O)6][Mo8P2Fe^3+^3O34(OH)3],Oxides / hydroxides,6
RRUFF,Mendozite,NaAl(SO4)2·11H2O,Sulfates,6
RRUFF,Meneghinite,Pb13CuSb7S24,Sulfides,16
RRUFF,Menezesite,Ba3MgZr4Nb12O42·12H2O,Oxides / hydroxides,4
RRUFF,Mercallite,KH(SO4),Sulfates,7
RRUFF,Mercury,Hg,Other classes,6
RRUFF,Merlinoite,K5Ca2(Si23Al9)O64·24H2O,Silicates,6
RRUFF,Merrillite,Ca9NaMg(PO4)7,Phosphates,6
RRUFF,Merwinite,Ca3Mg(SiO4)2,Silicates,6
RRUFF,Mesolite,Na2Ca2(Si9Al6)O30·8H2O,Silicates,62
RRUFF,Meta-autunite,Ca(UO2)2(PO4)2·6H2O,Phosphates,19
RRUFF,Metaborite,HBO2,Oxides / hydroxides,6
RRUFF,Metacinnabar,HgS,Sulfides,6
RRUFF,Metaheinrichite,Ba(UO2)2(AsO4)2·8H2O,Arsenates,6
RRUFF,Metahewettite,CaV^5+^6O16·3H2O,Oxides / hydroxides,6
RRUFF,Metakottigite,"(Zn,Fe^3+^)3(AsO4)2·8(H2O,OH)",Arsenates,6
RRUFF,Metalodevite,Zn(UO2)2(AsO4)2·10H2O,Arsenates,6
RRUFF,Metamunirite,NaV^5+^O3,Oxides / hydroxides,8
RRUFF,Metarauchite,Ni(UO2)2(AsO4)2·8H2O,Arsenates,6
RRUFF,Metarossite,CaV^5+^2O6·2H2O,Oxides / hydroxides,12
RRUFF,Metaschoderite,Al2(PO4)(VO4)·6H2O,Phosphates,8
RRUFF,Metastibnite,Sb2S3,Sulfides,7
RRUFF,Metatorbernite,Cu(UO2)2(PO4)2·8H2O,Phosphates,80
RRUFF,Metauranocircite,Ba(UO2)2(PO4)2·6H2O,Phosphates,8
RRUFF,Metauranocircite II,Ba(UO2)2(PO4)2·6H2O,Phosphates,8
RRUFF,Metauroxite,(UO2)2(C2O4)(OH)2(H2O)2,Oxides / hydroxides,3
RRUFF,Metavariscite,Al(PO4)·2H2O,Phosphates,8
RRUFF,Metavivianite,Fe^2+^Fe^3+^2(PO4)2(OH)2·6H2O,Phosphates,6
RRUFF,Metavoltine,K2Na6Fe^2+^Fe^3+^6O2(SO4)12·18H2O,Sulfates,14
RRUFF,Metazeunerite,Cu(UO2)2(AsO4)2·8H2O,Arsenates,26
RRUFF,Meurigite-K,KFe^3+^8(PO4)6(OH)7·6.5H2O,Phosphates,13
RRUFF,Meyerhofferite,CaB3O3(OH)5·H2O,Oxides / hydroxides,8
RRUFF,Miargyrite,AgSbS2,Sulfides,18
RRUFF,Miassite,Rh17S15,Sulfides,7
RRUFF,Microcline,K(AlSi3O8),Silicates,238
RRUFF,Microlite,"(Ca,Na)2Ta2(O,OH,F)7",Oxides / hydroxides,6
RRUFF,Microsommite,"[(Na,K)6(SO4)][Ca2Cl2][(Si6Al6O24)]",Silicates,6
RRUFF,Miersite,AgI,Halides,12
RRUFF,Miguelromeroite,Mn5(AsO3OH)2(AsO4)2(H2O)4,Arsenates,6
RRUFF,Mikenewite,Mn^2+^(S^4+^O3)·3H2O,Oxides / hydroxides,6
RRUFF,Milarite,KCa2(Be2AlSi12)O30·H2O,Silicates,18
RRUFF,Millerite,NiS,Sulfides,20
RRUFF,Mimetite,Pb5(AsO4)3Cl,Arsenates,86
RRUFF,Mimetite-M,Pb5(AsO4)3Cl,Arsenates,13
RRUFF,Minasgeraisite-(Y),CaBe2Y2Si2O10,Silicates,6
RRUFF,Minasragrite,V^4+^O(SO4)·5H2O,Sulfates,6
RRUFF,Minium,Pb^2+^2Pb^4+^O4,Oxides / hydroxides,12
RRUFF,Minyulite,KAl2(PO4)2F·4H2O,Phosphates,14
RRUFF,Miserite,"K1.5-x(Ca,Y,REE)5[Si6O15][Si2O7](OH,F)2·yH2O",Silicates,13
RRUFF,Mitridatite,Ca2Fe^3+^3O2(PO4)3·3H2O,Phosphates,6
RRUFF,Mixite,Cu6Bi(AsO4)3(OH)6·3H2O,Arsenates,6
RRUFF,Miyawakiite-(Y),[box]Y4Fe2(Si8O20)(CO3)4(H2O)3,Silicates,7
RRUFF,Moissanite,SiC,Silicates,18
RRUFF,Molybdenite,MoS2,Sulfides,16
RRUFF,Molybdenum,Mo,Other classes,6
RRUFF,Molybdite,MoO3,Oxides / hydroxides,12
RRUFF,Molybdofornacite,CuPb2(MoO4)(AsO4)(OH),Arsenates,24
RRUFF,Molybdomenite,PbSe^4+^O3,Oxides / hydroxides,12
RRUFF,Molybdophyllite,Pb8Mg9[Si10O28(OH)8O2(CO3)3]·H2O,Silicates,8
RRUFF,Monazite-(Ce),Ce(PO4),Phosphates,64
RRUFF,Monazite-(Gd),Gd(PO4),Phosphates,4
RRUFF,Monazite-(La),La(PO4),Phosphates,5
RRUFF,Monetite,Ca(PO3OH),Oxides / hydroxides,7
RRUFF,Montebrasite,LiAl(PO4)(OH),Phosphates,175
RRUFF,Monteregianite-(Y),KNa2YSi8O19·5H2O,Silicates,16
RRUFF,Montgomeryite,Ca4MgAl4(PO4)6(OH)4·12H2O,Phosphates,27
RRUFF,Monticellite,CaMg(SiO4),Silicates,52
RRUFF,Montmorillonite,"(Na,Ca)0.3(Al,Mg)2Si4O10(OH)2·nH2O",Silicates,10
RRUFF,Montroseite,"(V^3+^,Fe^2+^,V^4+^)O(OH)",Oxides / hydroxides,2
RRUFF,Montroydite,HgO,Oxides / hydroxides,12
RRUFF,Mooreite,Mg15(SO4)2(OH)26·8H2O,Sulfates,8
RRUFF,Moorhouseite,Co(SO4)·6H2O,Sulfates,6
RRUFF,Mopungite,NaSb^5+^(OH)6,Oxides / hydroxides,7
RRUFF,Moraesite,Be2(PO4)(OH)·4H2O,Phosphates,16
RRUFF,Mordenite,"(Na2,Ca,K2)4(Al8Si40)O96·28H2O",Silicates,13
RRUFF,Morinite,NaCa2Al2(PO4)2(OH)F4·2H2O,Phosphates,7
RRUFF,Mosandrite-(Ce),Ca2(CaCe)[(H2O)2Ca0.5[box]0.5]Ti(Si2O7)2(OH)2(H2O)2,Silicates,5
RRUFF,Mosesite,(Hg2N)Cl,Halides,6
RRUFF,Mottramite,PbCu(VO4)(OH),Vanadates,20
RRUFF,Motukoreaite,Mg6Al3(OH)18[Na(H2O)6](SO4)2·6H2O,Sulfates,6
RRUFF,Moxuanxueite,NaCa6Zr(Si2O7)2OF3,Silicates,2
RRUFF,Mozartite,CaMn^3+^(SiO4)(OH),Silicates,12
RRUFF,Muirite,"Ba10Ca2Mn^2+^TiSi10O30(OH,Cl,F)10",Silicates,18
RRUFF,Mullite,Al4+2xSi2-2xO10-x(x≈0.4),Silicates,15
RRUFF,Munakataite,Pb2Cu2(Se^4+^O3)(SO4)(OH)4,Sulfates,12
RRUFF,Murdochite,Cu12Pb2O15Cl2,Oxides / hydroxides,12
RRUFF,Murmanite,Na2Ti2Na2Ti2(Si2O7)2O4(H2O)4,Silicates,11
RRUFF,Murphyite,Pb(Te^6+^O4),Oxides / hydroxides,6
RRUFF,Muscovite,KAl2(Si3Al)O10(OH)2,Silicates,111
RRUFF,Mushistonite,Cu^2+^Sn^4+^(OH)6,Oxides / hydroxides,8
RRUFF,Naalasite,NaAl(AsO3OH)2·H2O,Sulfates,3
RRUFF,Nabokoite,Cu7Te^4+^O4(SO4)5·KCl,Sulfates,5
RRUFF,Nacrite,Al2Si2O5(OH)4,Silicates,6
RRUFF,Nadorite,PbSb^3+^O2Cl,Oxides / hydroxides,16
RRUFF,Nagelschmidtite,Ca7(SiO4)2(PO4)2,Silicates,8
RRUFF,Nagyagite,"[Pb3(Pb,Sb)3S6](Au,Te)3",Sulfides,14
RRUFF,Nahcolite,NaH(CO3),Carbonates,6
RRUFF,Nakauriite,Cu8(SO4)4(CO3)(OH)6·48H2O,Carbonates,12
RRUFF,Nalivkinite,Li2NaFe^2+^7Ti2(Si4O12)2O2(OH)4F(H2O)2,Silicates,7
RRUFF,Namansilite,NaMn^3+^Si2O6,Silicates,6
RRUFF,Nambulite,LiMn^2+^4Si5O14(OH),Silicates,6
RRUFF,Namibite,Cu(BiO)2(VO4)(OH),Vanadates,13
RRUFF,Namuwite,Zn4(SO4)(OH)6·4H2O,Sulfates,6
RRUFF,Nannoniite,Al2(OH)5F,Oxides / hydroxides,3
RRUFF,Narsarsukite,"Na2(Ti,Fe^3+^)Si4(O,F)11",Silicates,17
RRUFF,Natanite,Fe^2+^Sn^4+^(OH)6,Oxides / hydroxides,6
RRUFF,Natroalunite,NaAl3(SO4)2(OH)6,Sulfates,6
RRUFF,Natroboltwoodite,Na(UO2)(SiO3OH)·H2O,Silicates,6
RRUFF,Natrochalcite,NaCu2(SO4)2(OH)·H2O,Sulfates,6
RRUFF,Natrodufrenite,NaFe^2+^Fe^3+^5(PO4)4(OH)6·2H2O,Phosphates,8
RRUFF,Natrojarosite,NaFe^3+^3(SO4)2(OH)6,Sulfates,22
RRUFF,Natrolemoynite,Na4Zr2Si10O26·9H2O,Silicates,6
RRUFF,Natrolite,Na2(Si3Al2)O10·2H2O,Silicates,123
RRUFF,Natromarkeyite,Na2Ca8(UO2)4(CO3)13(H2O)24·3H2O,Carbonates,3
RRUFF,Natropalermoite,Na2SrAl4(PO4)4(OH)4,Phosphates,6
RRUFF,Natrosilite,Na2Si2O5,Silicates,6
RRUFF,Natrosulfatourea,Na2(SO4)[CO(NH2)2],Sulfates,3
RRUFF,Naujakasite,Na6Fe^2+^Al4Si8O26,Silicates,6
RRUFF,Naumannite,Ag2Se,Other classes,7
RRUFF,Nchwaningite,Mn2SiO3(OH)2·H2O,Silicates,6
RRUFF,Nealite,Pb4Fe(AsO3)2Cl4·2H2O,Sulfates,6
RRUFF,Neighborite,NaMgF3,Halides,7
RRUFF,Nekoite,Ca3Si6O15·7H2O,Silicates,6
RRUFF,Nelenite,Mn^2+^16As^3+^3Si12O36(OH)17,Silicates,14
RRUFF,Neltnerite,CaMn^3+^6O8(SiO4),Silicates,8
RRUFF,Nenadkevichite,"(Na,[box])8Nb4(Si4O12)2(O,OH)4·8H2O",Silicates,8
RRUFF,Nepheline,Na3K(Al4Si4O16),Silicates,52
RRUFF,Nepouite,Ni3Si2O5(OH)4,Silicates,8
RRUFF,Neptunite,KNa2LiFe^2+^2Ti2Si8O24,Silicates,13
RRUFF,Nesquehonite,Mg(CO3)·3H2O,Carbonates,16
RRUFF,Nevadaite,"(Cu^2+^,[box],Al,V^3+^)6Al8(PO4)8F8(OH)2·22H2O",Phosphates,7
RRUFF,Newberyite,Mg(PO3OH)·3H2O,Oxides / hydroxides,8
RRUFF,Neyite,Ag2Cu6Pb25Bi26S68,Sulfides,6
RRUFF,Niasite,Ni^2+^4.5(AsO4)3,Arsenates,4
RRUFF,Nickelalumite,NiAl4(SO4)(OH)12(H2O)3,Sulfates,2
RRUFF,Nickelhexahydrite,Ni(SO4)·6H2O,Sulfates,2
RRUFF,Nickeline,NiAs,Other classes,14
RRUFF,Nickelphosphide,Ni3P,Other classes,6
RRUFF,Nickelskutterudite,NiAs3,Other classes,18
RRUFF,Nickeltalmessite,Ca2Ni(AsO4)2·2H2O,Arsenates,8
RRUFF,Nierite,Si3N4,Silicates,6
RRUFF,Nifontovite,Ca3[BO(OH)2]6·2H2O,Oxides / hydroxides,14
RRUFF,Niksergievite,"Ba2Al3(Si,Al)4O10(CO3)(OH)6·nH2O",Silicates,3
RRUFF,Nioboaeschynite-(Ce),"(Ce,Ca)(Nb,Ti)2(O,OH)6",Oxides / hydroxides,6
RRUFF,Nioboaeschynite-(Y),"(Y,REE,Ca,Th,Fe)(Nb,Ti,Ta)2(O,OH)6",Oxides / hydroxides,4
RRUFF,Niobophyllite,"K2NaFe^2+^7(Nb,Ti)2(Si4O12)2O2(OH)4(O,F)",Silicates,6
RRUFF,Niocalite,Ca7Nb(Si2O7)2O3F,Silicates,4
RRUFF,Nissonite,Cu2Mg2(PO4)2(OH)2·5H2O,Phosphates,8
RRUFF,Niter,K(NO3),Nitrates,8
RRUFF,Nitratine,Na(NO3),Nitrates,15
RRUFF,Nitrobarite,Ba(NO3)2,Nitrates,7
RRUFF,Nitrocalcite,Ca(NO3)2·4H2O,Nitrates,8
RRUFF,Nobleite,CaB6O9(OH)2·3H2O,Oxides / hydroxides,6
RRUFF,Nontronite,"Na0.3Fe^3+^2(Si,Al)4O10(OH)2·nH2O",Silicates,8
RRUFF,Norbergite,Mg3(SiO4)F2,Silicates,8
RRUFF,Nordenskioldine,CaSn(BO3)2,Borates,12
RRUFF,Nordite-(Ce),Na3SrCeZnSi6O17,Silicates,6
RRUFF,Nordite-(La),Na3SrLaZnSi6O17,Silicates,8
RRUFF,Nordstrandite,Al(OH)3,Oxides / hydroxides,14
RRUFF,Normandite,"Na2Ca2(Mn,Fe)2(Ti,Nb,Zr)2(Si2O7)2O2F2",Silicates,8
RRUFF,Norrishite,KLiMn^3+^2Si4O10O2,Silicates,12
RRUFF,Northupite,Na3Mg(CO3)2Cl,Carbonates,8
RRUFF,Nosean,Na8(Si6Al6)O24(SO4)·H2O,Silicates,8
RRUFF,Nuffieldite,Cu1.4Pb2.4Bi2.4Sb0.2S7,Sulfides,12
RRUFF,Obradovicite-KCu,[K2(H2O)17Cu(H2O)6][Mo8As2Fe^3+^3O34(OH)3],Oxides / hydroxides,13
RRUFF,Offretite,KCaMg(Si13Al5)O36·15H2O,Silicates,7
RRUFF,Okenite,Ca10Si18O46·18H2O,Silicates,8
RRUFF,Oldsite-(K),K2Fe^2+^[(UO2)(SO4)2]2(H2O)8,Sulfates,3
RRUFF,Olenite,NaAl3Al6(Si6O18)(BO3)3O3(OH),Silicates,14
RRUFF,Olivenite,Cu2(AsO4)(OH),Arsenates,49
RRUFF,Olmiite,CaMn[SiO3(OH)](OH),Silicates,40
RRUFF,Olsacherite,Pb2(Se^6+^O4)(SO4),Sulfates,12
RRUFF,Olsenite,KFe4(PO4)3,Phosphates,2
RRUFF,Olshanskyite,Ca2[B3O3(OH)6]OH·3H2O,Oxides / hydroxides,14
RRUFF,Omphacite,"(Ca,Na)(Mg,Fe,Al)Si2O6",Silicates,12
RRUFF,Ondrusite,CaCu4(AsO4)2(AsO3OH)2·10H2O,Arsenates,6
RRUFF,Oneillite,"Na15Ca3Mn3Fe3Zr3Nb(Si25O73)(O,OH,H2O)3(OH,Cl)2",Silicates,5
RRUFF,Opal,SiO2·<i>n</i>H2O,Silicates,70
RRUFF,Orickite,CuFeS2·nH2O,Oxides / hydroxides,8
RRUFF,Orientite,Ca8Mn^3+^10(SiO4)3(Si3O10)3(OH)10·4H2O,Silicates,6
RRUFF,Orlandiite,Pb3Cl4(Se^4+^O3)·H2O,Oxides / hydroxides,6
RRUFF,Orpiment,As2S3,Sulfides,16
RRUFF,Orthoclase,K(AlSi3O8),Silicates,81
RRUFF,Orthogersdorffite,NiAsS,Sulfides,7
RRUFF,Orthominasragrite,V^4+^O(SO4)·5H2O,Sulfates,6
RRUFF,Orthoserpierite,CaCu4(SO4)2(OH)6·3H2O,Sulfates,20
RRUFF,Osarizawaite,Pb(Al2Cu^2+^)(SO4)2(OH)6,Sulfates,19
RRUFF,Osmium,Os,Other classes,12
RRUFF,Osumilite,KFe2(Al5Si10)O30,Silicates,22
RRUFF,Osumilite-(Mg),KMg2Al3(Al2Si10)O30,Silicates,12
RRUFF,Oswaldpeetersite,(UO2)2(CO3)(OH)2·4H2O,Carbonates,2
RRUFF,Otavite,Cd(CO3),Carbonates,6
RRUFF,Ottensite,Na3(Sb2O3)3(SbS3)·3H2O,Oxides / hydroxides,10
RRUFF,Ottoite,Pb2TeO5,Oxides / hydroxides,6
RRUFF,Ottrelite,Mn^2+^Al2O(SiO4)(OH)2,Silicates,6
RRUFF,Otwayite,Ni2(CO3)(OH)2·H2O,Carbonates,5
RRUFF,Overite,CaMgAl(PO4)2(OH)·4H2O,Phosphates,6
RRUFF,Owyheeite,Ag3Pb10Sb11S28,Sulfides,9
RRUFF,Oxy-dravite,Na(Al2Mg)(Al5Mg)(Si6O18)(BO3)3(OH)3O,Silicates,6
RRUFF,Oxy-schorl,Na(Fe^2+^2Al)Al6(Si6O18)(BO3)3(OH)3O,Silicates,6
RRUFF,Oxyphlogopite,"K(Mg,Ti,Fe)3[(Si,Al)4O10](O,F)2",Silicates,12
RRUFF,Oxyplumbopyrochlore,Pb2Nb2O6O,Oxides / hydroxides,2
RRUFF,Paakkonenite,Sb2AsS2,Sulfides,15
RRUFF,Pabellondepicaite,Cu^2+^2(N3C2H2)2(NH3)2(NO3)Cl·2H2O,Nitrates,3
RRUFF,Pabstite,BaSnSi3O9,Silicates,8
RRUFF,Pachnolite,NaCaAlF6·H2O,Oxides / hydroxides,6
RRUFF,Painite,CaZrAl9O15(BO3),Borates,27
RRUFF,Palenzonaite,(NaCa2)Mn^2+^2(VO4)3,Vanadates,8
RRUFF,Palermoite,Li2SrAl4(PO4)4(OH)4,Phosphates,12
RRUFF,Palladium,Pd,Other classes,6
RRUFF,Papagoite,CaCuAlSi2O6(OH)3,Silicates,9
RRUFF,Parabutlerite,Fe^3+^(SO4)(OH)·2H2O,Sulfates,19
RRUFF,Paracetamol,?,Unknown formula,5
RRUFF,Paracoquimbite,Fe^3+^4(SO4)6(H2O)12·6H2O,Sulfates,12
RRUFF,Paradamite,Zn2(AsO4)(OH),Arsenates,7
RRUFF,Parafransoletite,Ca3Be2(PO4)2(PO3OH)2·4H2O,Phosphates,8
RRUFF,Paragonite,NaAl2(Si3Al)O10(OH)2,Silicates,4
RRUFF,Parahopeite,Zn3(PO4)2·4H2O,Phosphates,8
RRUFF,Parakeldyshite,Na2ZrSi2O7,Silicates,8
RRUFF,Paralaurionite,PbCl(OH),Oxides / hydroxides,14
RRUFF,Paramontroseite,VO2,Oxides / hydroxides,8
RRUFF,Parapierrotite,TlSb5S8,Sulfides,6
RRUFF,Pararaisaite,CuMg[Te^6+^O4(OH)2]·6H2O,Oxides / hydroxides,6
RRUFF,Pararealgar,As4S4,Sulfides,12
RRUFF,Pararobertsite,Ca2Mn^3+^3(PO4)3O2·3H2O,Phosphates,8
RRUFF,Pararsenolamprite,As,Other classes,7
RRUFF,Parascholzite,CaZn2(PO4)2·2H2O,Phosphates,7
RRUFF,Parasibirskite,Ca2B2O5·H2O,Oxides / hydroxides,6
RRUFF,Parasymplesite,Fe^2+^3(AsO4)2·8H2O,Arsenates,6
RRUFF,Paratacamite,"Cu3(Cu,Zn)Cl2(OH)6",Oxides / hydroxides,6
RRUFF,Paratooite-(La),"(La,Ca,Na,Sr)6Cu(CO3)8",Carbonates,5
RRUFF,Parauranophane,Ca(UO2)2(SiO3OH)2·5H2O,Silicates,12
RRUFF,Paravauxite,Fe^2+^Al2(PO4)2(OH)2·8H2O,Phosphates,81
RRUFF,Paravinogradovite,"(Na,[box])2(Ti^4+^,Fe^3+^)4(Si2O6)2(Si3AlO10)(OH)4·H2O",Silicates,6
RRUFF,Pargasite,NaCa2(Mg4Al)(Si6Al2)O22(OH)2,Silicates,30
RRUFF,Parisite-(Ce),CaCe2(CO3)3F2,Carbonates,21
RRUFF,Parisite-(La),CaLa2(CO3)3F2,Carbonates,6
RRUFF,Parkerite,"Ni3(Bi,Pb)2S2",Sulfides,7
RRUFF,Parsonsite,Pb2(UO2)(PO4)2,Phosphates,8
RRUFF,Partheite,Ca2(Si4Al4)O15(OH)2·4H2O,Silicates,1
RRUFF,Pascoite,Ca3V^5+^10O28·17H2O,Oxides / hydroxides,6
RRUFF,Patronite,VS4,Sulfides,8
RRUFF,Paulingite-Ca,"(Ca,K,Na,Ba,[box])10(Si,Al)42O84·34H2O",Silicates,8
RRUFF,Paulingite-K,"(K,Ca,Na,Ba,[box])10(Si,Al)42O84·34H2O",Silicates,8
RRUFF,Paulingite-Na,?,Unknown formula,2
RRUFF,Paulisite,Ca2Zn(CO3)3·2H2O,Carbonates,3
RRUFF,Pavonite,AgBi3S5,Sulfides,8
RRUFF,Pearceite,"[Ag9CuS4][(Ag,Cu)6(As,Sb)2S7]",Sulfides,16
RRUFF,Pectolite,NaCa2Si3O8(OH),Silicates,129
RRUFF,Pellyite,Ba2CaFe^2+^2Si6O17,Silicates,6
RRUFF,Penfieldite,Pb2Cl3(OH),Oxides / hydroxides,8
RRUFF,Penikisite,BaMg2Al2(PO4)3(OH)3,Phosphates,14
RRUFF,Penkvilksite,Na2TiSi4O11·2H2O,Silicates,8
RRUFF,Pentagonite,CaV^4+^OSi4O10·4H2O,Silicates,8
RRUFF,Pentahydrite,Mg(SO4)·5H2O,Sulfates,18
RRUFF,Pentlandite,"(Ni,Fe)9S8",Sulfides,8
RRUFF,Peprossiite-(Ce),CeAl2(B3.67Si0.33)O10.67,Silicates,5
RRUFF,Peretaite,CaSb^3+^4O4(SO4)2(OH)2·2H2O,Sulfates,6
RRUFF,Perhamite,Ca3Al7.7Si3P4O23.5(OH)14.1·8H2O,Silicates,6
RRUFF,Perite,PbBiO2Cl,Oxides / hydroxides,8
RRUFF,Perovskite,CaTiO3,Oxides / hydroxides,44
RRUFF,Perroudite,"Ag4Hg5S5(I,Br)2Cl2",Halides,6
RRUFF,Perryite,"(Ni,Fe)8(Si,P)3",Silicates,7
RRUFF,Pertlikite,"K2(Fe^2+^,Mg)2(Mg,Fe^3+^)4Fe^3+^2Al(SO4)12·18H2O",Sulfates,6
RRUFF,Petalite,LiAlSi4O10,Silicates,14
RRUFF,Petarasite,"Na5Zr2Si6O18(Cl,OH)·2H2O",Silicates,13
RRUFF,Petedunnite,CaZnSi2O6,Silicates,5
RRUFF,Petermegawite,Al6(Se^4+^O3)3[SiO3(OH)](OH)9·10H2O,Silicates,6
RRUFF,Petersenite-(Ce),Na4Ce2(CO3)5,Carbonates,7
RRUFF,Petersite-(Ce),Cu6Ce(PO4)3(OH)6·3H2O,Phosphates,6
RRUFF,Petersite-(Y),Cu6Y(PO4)3(OH)6·3H2O,Phosphates,2
RRUFF,Petterdite,PbCr2(CO3)2(OH)4·H2O,Carbonates,6
RRUFF,Petzite,Ag3AuTe2,Other classes,7
RRUFF,Pezzottaite,CsLiBe2Al2Si6O18,Silicates,6
RRUFF,Pharmacoalumite,KAl4(AsO4)3(OH)4·6.5H2O,Arsenates,6
RRUFF,Pharmacolite,Ca(AsO3OH)·2H2O,Sulfates,14
RRUFF,Pharmacosiderite,KFe^3+^4(AsO4)3(OH)4·6-7H2O,Arsenates,29
RRUFF,Phenakite,Be2(SiO4),Silicates,72
RRUFF,Philipsbornite,PbAl3(AsO4)(AsO3OH)(OH)6,Arsenates,19
RRUFF,Philipsburgite,Cu5Zn(AsO4)(PO4)(OH)6·H2O,Phosphates,6
RRUFF,Phillipsite-Ca,Ca3(Si10Al6)O32·12H2O,Silicates,48
RRUFF,Phillipsite-K,K6(Si10Al6)O32·12H2O,Silicates,6
RRUFF,Phillipsite-Na,Na6(Si10Al6)O32·12H2O,Silicates,12
RRUFF,Phlogopite,KMg3(AlSi3O10)(OH)2,Silicates,32
RRUFF,Phoenicochroite,Pb2O(CrO4),Oxides / hydroxides,12
RRUFF,Phosgenite,Pb2(CO3)Cl2,Carbonates,8
RRUFF,Phosphoferrite,Fe^2+^3(PO4)2·3H2O,Phosphates,14
RRUFF,Phosphohedyphane,Ca2Pb3(PO4)3Cl,Phosphates,10
RRUFF,Phosphophyllite,Zn2Fe^2+^(PO4)2·4H2O,Phosphates,10
RRUFF,Phosphosiderite,Fe^3+^(PO4)·2H2O,Phosphates,20
RRUFF,Phosphuranylite,KCa(H3O)3(UO2)7(PO4)4O4·8H2O,Phosphates,20
RRUFF,Phurcalite,Ca2(UO2)3O2(PO4)2·7H2O,Phosphates,10
RRUFF,Picaite,NaCa[AsO3OH][AsO2(OH)2],Sulfates,3
RRUFF,Pickeringite,MgAl2(SO4)4·22H2O,Sulfates,8
RRUFF,Picropharmacolite,Ca4Mg(AsO3OH)2(AsO4)2·11H2O,Arsenates,8
RRUFF,Piemontite,Ca2(Al2Mn^3+^)[Si2O7][SiO4]O(OH),Silicates,18
RRUFF,Pigeonite,"(Mg,Fe,Ca)2Si2O6",Silicates,6
RRUFF,Pinakiolite,"(Mg,Mn)2(Mn^3+^,Sb^5+^)O2(BO3)",Borates,8
RRUFF,Pirquitasite,Ag2ZnSnS4,Sulfides,6
RRUFF,Pirssonite,Na2Ca(CO3)2·2H2O,Carbonates,6
RRUFF,Pitiglianoite,K2Na6(Si6Al6)O24(SO4)·2H2O,Silicates,6
RRUFF,Piypite,"K4Cu4O2(SO4)4·(Na,Cu)Cl",Sulfates,6
RRUFF,Plancheite,Cu8(Si4O11)2(OH)4·H2O,Silicates,12
RRUFF,Planerite,Al6(PO4)2(PO3OH)2(OH)8·4H2O,Phosphates,8
RRUFF,Platinum,Pt,Other classes,11
RRUFF,Plattnerite,PbO2,Oxides / hydroxides,14
RRUFF,Pleysteinite,[(H2O)K]Mn2Al3(PO4)4F2(H2O)10·4H2O,Phosphates,3
RRUFF,Plombierite,Ca4Si6O16(OH)2(H2O)2·(Ca·5H2O),Silicates,6
RRUFF,Plumbogaidonnayite,PbZrSi3O9·2H2O,Silicates,3
RRUFF,Plumbogummite,PbAl3(PO4)(PO3OH)(OH)6,Phosphates,21
RRUFF,Plumbonacrite,Pb5(CO3)3O(OH)2,Carbonates,12
RRUFF,Plumbophyllite,Pb2Si4O10·H2O,Silicates,3
RRUFF,Plumbotsumite,Pb5Si4O8(OH)10,Silicates,6
RRUFF,Pohlite,Pb7(IO3)(OH)4Cl9,Oxides / hydroxides,3
RRUFF,Poldervaartite,"Ca(Ca,Mn)(SiO3OH)(OH)",Silicates,8
RRUFF,Polkanovite,Rh12As7,Other classes,7
RRUFF,Pollucite,Cs(Si2Al)O6·nH2O,Silicates,16
RRUFF,Polybasite,"[Ag9CuS4][(Ag,Cu)6(Sb,As)2S7]",Sulfides,6
RRUFF,Polydymite,Ni^2+^Ni^3+^2S4,Sulfides,17
RRUFF,Polyhalite,K2Ca2Mg(SO4)4·2H2O,Sulfates,6
RRUFF,Polylithionite,KLi2AlSi4O10F2,Silicates,60
RRUFF,Polystyrene,?,Unknown formula,6
RRUFF,Portlandite,Ca(OH)2,Oxides / hydroxides,6
RRUFF,Posnjakite,Cu4(SO4)(OH)6·H2O,Sulfates,6
RRUFF,Postite,Mg(H2O)6Al2(OH)2(H2O)8(V10O28)·13H2O,Oxides / hydroxides,3
RRUFF,Potassic-arfvedsonite,KNa2(Fe^2+^4Fe^3+^)Si8O22(OH)2,Silicates,8
RRUFF,Potassic-fluoro-pargasite,KCa2(Mg4Al)Si6Al2O22F2,Silicates,6
RRUFF,Potassic-fluoro-richterite,K(NaCa)Mg5Si8O22F2,Silicates,6
RRUFF,Potassic-magnesio-fluoro-arfvedsonite,KNa2(Mg4Fe^3+^)Si8O22F2,Silicates,6
RRUFF,Potassium Dihydrogen Phosphate,KH2PO4,Phosphates,6
RRUFF,Poudretteite,KNa2(B3Si12)O30,Silicates,7
RRUFF,Poughite,Fe^3+^2(Te^4+^O3)2(SO4)·3H2O,Sulfates,6
RRUFF,Powellite,Ca(MoO4),Molybdates,14
RRUFF,Prehnite,Ca2Al(Si3Al)O10(OH)2,Silicates,32
RRUFF,Preisingerite,Bi3O(AsO4)2(OH),Arsenates,2
RRUFF,Preobrazhenskite,Mg3B11O15(OH)9,Oxides / hydroxides,8
RRUFF,Priceite,Ca2B5O7(OH)5·H2O,Oxides / hydroxides,14
RRUFF,Priderite,K(Ti7Fe^3+^)O16,Oxides / hydroxides,12
RRUFF,Prismatine,"(Mg,Al,Fe)6Al4(Si,Al)4(B,Si,Al)(O,OH,F)22",Silicates,4
RRUFF,Probertite,NaCaB5O7(OH)4·3H2O,Oxides / hydroxides,8
RRUFF,Prosopite,CaAl2F4(OH)4,Oxides / hydroxides,14
RRUFF,Proto-ferro-anthophyllite,[box]Fe^2+^2Fe^2+^5Si8O22(OH)2,Silicates,9
RRUFF,Proto-ferro-suenoite,[box]Mn^2+^2Fe^2+^5Si8O22(OH)2,Silicates,6
RRUFF,Protochabourneite,"Tl4-xPb2+2xSb20-x-yAsyS34(with0.02≤x≤0.34,5.71≤y≤6.69)",Sulfides,6
RRUFF,Proustite,Ag3AsS3,Sulfides,6
RRUFF,Pseudoboleite,Pb31Cu24Cl62(OH)48,Oxides / hydroxides,14
RRUFF,Pseudobrookite,(Fe^3+^2Ti)O5,Oxides / hydroxides,20
RRUFF,Pseudograndreefite,Pb6(SO4)F10,Sulfates,6
RRUFF,Pseudolaueite,Mn^2+^Fe^3+^2(PO4)2(OH)2·8H2O,Phosphates,6
RRUFF,Pseudomalachite,Cu5(PO4)2(OH)4,Phosphates,24
RRUFF,Pseudomarkeyite,Ca8(UO2)4(CO3)12(H2O)18·3H2O,Carbonates,3
RRUFF,Pseudomeisserite-(NH4),(NH4)2Na4[(UO2)2(SO4)5]·4H2O,Sulfates,3
RRUFF,Pseudowollastonite,CaSiO3,Silicates,15
RRUFF,Pucherite,Bi(VO4),Vanadates,14
RRUFF,Pumpellyite-(Al),"Ca2Al3(Si2O7)(SiO4)(OH,O)2·H2O",Silicates,6
RRUFF,Pumpellyite-(Mg),Ca2MgAl2(Si2O7)(SiO4)(OH)2·H2O,Silicates,12
RRUFF,Puschridgeite,Mn(C2H3O3)2(H2O)2,Oxides / hydroxides,3
RRUFF,Pyracmonite,(NH4)3Fe(SO4)3,Sulfates,6
RRUFF,Pyrargyrite,Ag3SbS3,Sulfides,12
RRUFF,Pyrimethamine,?,Unknown formula,6
RRUFF,Pyrite,FeS2,Sulfides,60
RRUFF,Pyroaurite,Mg6Fe^3+^2(OH)16(CO3)·4H2O,Carbonates,12
RRUFF,Pyrobelonite,PbMn^2+^VO4(OH),Vanadates,14
RRUFF,Pyrochlore,Ca2Nb2O7,Oxides / hydroxides,38
RRUFF,Pyrochroite,Mn^2+^(OH)2,Oxides / hydroxides,6
RRUFF,Pyrolusite,MnO2,Oxides / hydroxides,24
RRUFF,Pyromorphite,Pb5(PO4)3Cl,Phosphates,92
RRUFF,Pyrope,Mg3Al2(SiO4)3,Silicates,157
RRUFF,Pyrophanite,Mn^2+^TiO3,Oxides / hydroxides,6
RRUFF,Pyrophyllite,Al2Si4O10(OH)2,Silicates,16
RRUFF,Pyrosmalite-(Fe),Fe^2+^8Si6O15(OH)10,Silicates,36
RRUFF,Pyrosmalite-(Mn),"Mn^2+^8Si6O15(OH,Cl)10",Silicates,6
RRUFF,Pyroxene,?,Unknown formula,6
RRUFF,Pyroxferroite,Fe^2+^SiO3,Silicates,12
RRUFF,Pyroxmangite,Mn^2+^SiO3,Silicates,20
RRUFF,Pyrrhotite,Fe7S8,Sulfides,12
RRUFF,Qilianshanite,NaH4(CO3)(BO3)·2H2O,Carbonates,8
RRUFF,Quadridavyne,"[(Na,K)6Cl2][Ca2Cl2][(Si6Al6O24)]",Silicates,6
RRUFF,Quartz,SiO2,Silicates,113
RRUFF,Quenselite,PbMn^3+^O2(OH),Oxides / hydroxides,14
RRUFF,Quintinite,Mg4Al2(OH)12(CO3)·3H2O,Carbonates,8
RRUFF,Radhakrishnaite,"PbTe3(Cl,S)2",Halides,8
RRUFF,Raguinite,TlFeS2,Sulfides,6
RRUFF,Raite,Na3Mn^2+^3Ti0.25(Si8O20)(OH)2·10H2O,Silicates,6
RRUFF,Rajite,CuTe^4+^2O5,Oxides / hydroxides,6
RRUFF,Ramdohrite,Pb5.9Fe0.1Mn0.1In0.1Cd0.2Ag2.8Sb10.8S24,Sulfides,12
RRUFF,Rammelsbergite,NiAs2,Other classes,6
RRUFF,Ramsbeckite,Cu15(SO4)4(OH)22·6H2O,Sulfates,8
RRUFF,Ramsdellite,MnO2,Oxides / hydroxides,6
RRUFF,Rankinite,Ca3Si2O7,Silicates,6
RRUFF,Rapidcreekite,Ca2(SO4)(CO3)·4H2O,Carbonates,6
RRUFF,Raslakite,"Na15Ca3Fe3(Na,Zr)3Zr3(Si,Nb)Si25O73(OH,H2O)3(Cl,OH)",Silicates,5
RRUFF,Rasmussenite,Ca(C2H3O3)2·3H2O,Oxides / hydroxides,4
RRUFF,Raspite,Pb(WO4),Tungstates,13
RRUFF,Rasvumite,KFe2S3,Sulfides,6
RRUFF,Rathite,Ag2Pb12-xTlx/2As18+x/2S40,Sulfides,8
RRUFF,Raydemarkite,MoO3·H2O,Oxides / hydroxides,6
RRUFF,Raygrantite,Pb10Zn(SO4)6(SiO4)2(OH)2,Silicates,6
RRUFF,Realgar,AsS,Sulfides,24
RRUFF,Reddingite,Mn^2+^3(PO4)2·3H2O,Phosphates,8
RRUFF,Redledgeite,Ba(Ti6Cr^3+^2)O16,Oxides / hydroxides,6
RRUFF,Redmondite,[Pb8O2Zn(OH)6](S2O3)4,Oxides / hydroxides,3
RRUFF,Reedmergnerite,NaBSi3O8,Silicates,8
RRUFF,Reevesite,Ni6Fe^3+^2(OH)16(CO3)·4H2O,Carbonates,6
RRUFF,Refikite,C20H34O2,Oxides / hydroxides,6
RRUFF,Regerite,KFe6(PO4)4(OH)7(H2O)6·4H2O,Phosphates,4
RRUFF,Reichenbachite,Cu5(PO4)2(OH)4,Phosphates,6
RRUFF,Reinerite,Zn3(AsO3)2,Sulfates,8
RRUFF,Reinhardbraunsite,Ca5(SiO4)2(OH)2,Silicates,6
RRUFF,Relianceite-(K),K4Mg(V^4+^O)2(C2O4)(PO3OH)4(H2O)10,Oxides / hydroxides,3
RRUFF,Remondite-(Ce),"Na3(Ce,Ca,Na)3(CO3)5",Carbonates,8
RRUFF,Renierite,"(Cu^1+^,Zn)11Fe4(Ge^4+^,As^5+^)2S16",Sulfides,16
RRUFF,Retgersite,Ni(SO4)·6H2O,Sulfates,24
RRUFF,Rewitzerite,K(H2O)Mn2(Al2Ti)(PO4)4[O(OH)](H2O)10·4H2O,Phosphates,3
RRUFF,Reyerite,Na2Ca14Al2Si22O58(OH)8·6H2O,Silicates,12
RRUFF,Rheniite,ReS2,Sulfides,2
RRUFF,Rhodarsenide,Rh2As,Other classes,7
RRUFF,Rhodizite,KBe4Al4(B11Be)O28,Oxides / hydroxides,21
RRUFF,Rhodochrosite,Mn(CO3),Carbonates,85
RRUFF,Rhodonite,CaMn3Mn(Si5O15),Silicates,136
RRUFF,Rhodostannite,Cu^1+^(Fe^2+^0.5Sn^4+^1.5)S4,Sulfides,8
RRUFF,Rhomboclase,(H5O2)Fe^3+^(SO4)2·2H2O,Sulfates,7
RRUFF,Rhonite,Ca4[Mg8Fe^3+^2Ti2]O4[Si6Al6O36],Silicates,6
RRUFF,Ribbeite,Mn^2+^5(SiO4)2(OH)2,Silicates,12
RRUFF,Richelsdorfite,Ca2Cu5Sb^5+^(AsO4)4(OH)6Cl·6H2O,Arsenates,6
RRUFF,Richetite,"(Fe^3+^,Mg)xPb^2+^8.6(UO2)36O36(OH)24·41H2O",Oxides / hydroxides,8
RRUFF,Richterite,Na(NaCa)Mg5Si8O22(OH)2,Silicates,24
RRUFF,Rickardite,Cu3-xTe2,Other classes,8
RRUFF,Rickturnerite,Pb7O4[Mg(OH)4](OH)Cl3,Oxides / hydroxides,6
RRUFF,Riebeckite,[box]Na2(Fe^2+^3Fe^3+^2)Si8O22(OH)2,Silicates,53
RRUFF,Rietveldite,Fe(UO2)(SO4)2(H2O)5,Sulfates,3
RRUFF,Ringwoodite,SiMg2O4,Silicates,14
RRUFF,Rinkite-(Ce),Ca2(CaCe)Na(NaCa)Ti(Si2O7)2(OF)F2,Silicates,8
RRUFF,Rinneite,K3NaFe^2+^Cl6,Halides,2
RRUFF,Riosecoite,Ca2Mg(AsO3OH)3(H2O)2,Sulfates,3
RRUFF,Robertsite,Ca2Mn^3+^3O2(PO4)3·3H2O,Phosphates,14
RRUFF,Robinsonite,Pb4Sb6S13,Sulfides,6
RRUFF,Rockbridgeite,(Fe^2+^0.5Fe^3+^0.5)2Fe^3+^3(PO4)3(OH)5,Phosphates,14
RRUFF,Rodalquilarite,H3Fe^3+^2(Te^4+^O3)4Cl,Oxides / hydroxides,12
RRUFF,Roeblingite,Ca6Mn^2+^Pb2(Si3O9)2(SO4)2(OH)2·4H2O,Silicates,12
RRUFF,Roedderite,KNaMg2(Mg3Si12)O30,Silicates,6
RRUFF,Romanechite,"(Ba,H2O)2(Mn^4+^,Mn^3+^)5O10",Oxides / hydroxides,6
RRUFF,Romarchite,SnO,Oxides / hydroxides,7
RRUFF,Romeite,"(Ca,Fe^2+^,Mn^2+^,Na)2(Sb^5+^,Ti^4+^)2O6(O,OH,F)",Oxides / hydroxides,14
RRUFF,Romerite,Fe^2+^Fe^3+^2(SO4)4·14H2O,Sulfates,12
RRUFF,Rongibbsite,Pb2(Si4Al)O11(OH),Silicates,8
RRUFF,Rooseveltite,Bi(AsO4),Arsenates,2
RRUFF,Rosasite,CuZn(CO3)(OH)2,Carbonates,23
RRUFF,Roscherite,Ca2Mn^2+^5Be4(PO4)6(OH)4·6H2O,Phosphates,12
RRUFF,Roselite,Ca2Co(AsO4)2·2H2O,Arsenates,12
RRUFF,Rosemaryite,[box]NaMn^2+^(Fe^3+^Al)(PO4)3,Phosphates,6
RRUFF,Rosiaite,PbSb2O6,Oxides / hydroxides,6
RRUFF,Rossmanite,[box](Al2Li)Al6(Si6O18)(BO3)3(OH)3(OH),Silicates,12
RRUFF,Rostite,Al(SO4)(OH)·5H2O,Sulfates,6
RRUFF,Rouaite,Cu2(NO3)(OH)3,Nitrates,8
RRUFF,Roubaultite,Cu2O2(UO2)3(CO3)2(OH)2·4H2O,Carbonates,8
RRUFF,Roweite,Ca2Mn^2+^2B4O7(OH)6,Oxides / hydroxides,8
RRUFF,Roxbyite,Cu9S5,Sulfides,7
RRUFF,Rruffite,Ca2Cu(AsO4)2·2H2O,Arsenates,14
RRUFF,Rubicline,Rb(AlSi3O8),Silicates,6
RRUFF,Rubinite,Ca3Ti^3+^2Si3O12,Silicates,2
RRUFF,Rudenkoite,"Sr3Al3.5Si3.5O10(OH,O)8Cl2·H2O",Silicates,8
RRUFF,Rudlingerite,Mn^2+^2V^5+^As^5+^O7·2H2O,Oxides / hydroxides,2
RRUFF,Ruifrancoite,"Ca2([box],Mn)2(Fe^3+^,Mn,Mg)4Be4(PO4)6(OH)6·4H2O",Phosphates,8
RRUFF,Ruitenbergite,Ca9B26O34(OH)24Cl4·13H2O,Oxides / hydroxides,6
RRUFF,Ruizite,Ca2Mn^3+^2Si4O11(OH)4·2H2O,Silicates,18
RRUFF,Russellite,Bi2WO6,Oxides / hydroxides,6
RRUFF,Rutherfordine,(UO2)(CO3),Carbonates,28
RRUFF,Rutile,TiO2,Oxides / hydroxides,106
RRUFF,Rynersonite,CaTa2O6,Oxides / hydroxides,13
RRUFF,Sabinaite,Na4TiZr2O4(CO3)4,Carbonates,6
RRUFF,Sabugalite,HAl(UO2)4(PO4)4·16H2O,Phosphates,7
RRUFF,Sadanagaite,NaCa2(Mg3Al2)(Si5Al3)O22(OH)2,Silicates,6
RRUFF,Safflorite,CoAs2,Other classes,14
RRUFF,Sahamalite-(Ce),Ce2Mg(CO3)4,Carbonates,6
RRUFF,Sahlinite,Pb14O9(AsO4)2Cl4,Arsenates,6
RRUFF,Sainfeldite,Ca5(AsO4)2(AsO3OH)2·4H2O,Arsenates,6
RRUFF,Sakhaite,"Ca48Mg16(BO3)32(CO3)16·2(H2O,HCl)",Carbonates,12
RRUFF,Salammoniac,(NH4)Cl,Halides,12
RRUFF,Saleeite,Mg(UO2)2(PO4)2(H2O)10,Phosphates,6
RRUFF,Salesite,Cu(IO3)(OH),Oxides / hydroxides,8
RRUFF,Saltonseaite,K3NaMnCl6,Halides,8
RRUFF,Samarskite-(Y),YFe^3+^Nb2O8,Oxides / hydroxides,7
RRUFF,Sampleite,NaCaCu5(PO4)4Cl·5H2O,Phosphates,21
RRUFF,Samsonite,Ag4MnSb2S6,Sulfides,6
RRUFF,Samuelsonite,Ca9Mn^2+^4Al2(PO4)10(OH)2,Phosphates,8
RRUFF,Sanbornite,BaSi2O5,Silicates,38
RRUFF,Saneroite,NaMn^2+^5[Si5O14(OH)](VO3)(OH),Silicates,6
RRUFF,Sanidine,K(AlSi3O8),Silicates,6
RRUFF,Santaclaraite,CaMn^2+^4Si5O14(OH)2·H2O,Silicates,6
RRUFF,Santafeite,"(Ca,Sr,Na)3(Mn^2+^,Fe^3+^)2Mn^4+^2(VO4)4(OH,O)5·2H2O",Vanadates,8
RRUFF,Sapphirine,Mg4(Mg3Al9)O4[Si3Al9O36],Silicates,26
RRUFF,Sarabauite,Sb4S6·CaSb6O10,Oxides / hydroxides,6
RRUFF,Sarcolite,"Na4Ca12Al8Si12O46(SiO4,PO4)(OH,H2O)4(CO3,Cl)",Silicates,6
RRUFF,Sarcopside,Fe^2+^3(PO4)2,Phosphates,7
RRUFF,Sarkinite,Mn^2+^2(AsO4)(OH),Arsenates,7
RRUFF,Sarrochite,[Ca4(H2O)38][Mo8P2Fe^3+^3O37(OH)],Oxides / hydroxides,3
RRUFF,Sartorite,PbAs2S4,Sulfides,4
RRUFF,Sassolite,B(OH)3,Borates,13
RRUFF,Satterlyite,"(Fe^2+^,Mg,Fe^3+^)12(PO3OH)(PO4)5(OH,O)6",Phosphates,6
RRUFF,Sazhinite-(La),Na3LaSi6O15·2H2O,Silicates,6
RRUFF,Scainiite,Pb14Sb30S54O5,Oxides / hydroxides,8
RRUFF,Scawtite,Ca7(Si3O9)2(CO3)·2H2O,Silicates,6
RRUFF,Scenicite,[(UO2)(H2O)2(SO4)]2·3H2O,Sulfates,4
RRUFF,Schafarzikite,Fe^2+^(Sb^3+^)2O4,Oxides / hydroxides,8
RRUFF,Schaurteite,Ca3Ge(SO4)2(OH)6·3H2O,Sulfates,16
RRUFF,Scheelite,Ca(WO4),Tungstates,63
RRUFF,Schiavinatoite,Nb(BO4),Borates,6
RRUFF,Schieffelinite,Pb10Te^6+^6O20(OH)14(SO4)(H2O)5,Sulfates,6
RRUFF,Schindlerite,{(NH4)4Na2(H2O)10}{V10O28},Oxides / hydroxides,3
RRUFF,Schizolite,NaCaMnSi3O8(OH),Silicates,6
RRUFF,Schmiederite,Cu2Pb2(Se^4+^O3)(Se^6+^O4)(OH)4,Oxides / hydroxides,6
RRUFF,Schmitterite,(UO2)(Te^4+^O3),Oxides / hydroxides,6
RRUFF,Schneiderhohnite,Fe^2+^Fe^3+^3As^3+^5O13,Oxides / hydroxides,11
RRUFF,Schoepite,(UO2)4O(OH)6(H2O)6,Oxides / hydroxides,14
RRUFF,Scholzite,CaZn2(PO4)2·2H2O,Phosphates,40
RRUFF,Schorl,NaFe^2+^3Al6(Si6O18)(BO3)3(OH)3(OH),Silicates,11
RRUFF,Schorlomite,Ca3Ti2(SiFe^3+^2)O12,Silicates,22
RRUFF,Schreibersite,"(Fe,Ni)3P",Other classes,7
RRUFF,Schrockingerite,NaCa3(UO2)(SO4)(CO3)3F·10H2O,Carbonates,13
RRUFF,Schuetteite,Hg3O2(SO4),Sulfates,8
RRUFF,Schuilingite-(Nd),CuPbNd(CO3)3(OH)·1.5H2O,Carbonates,6
RRUFF,Schulenbergite,"(Cu,Zn)7(SO4)2(OH)10·3H2O",Sulfates,6
RRUFF,Schultenite,Pb(AsO3OH),Sulfates,6
RRUFF,Schumacherite,Bi3O(VO4)2(OH),Vanadates,6
RRUFF,Schwartzembergite,Pb^2+^5H2I^3+^O6Cl3,Oxides / hydroxides,12
RRUFF,Schwertmannite,Fe^3+^16O16(OH)9.6(SO4)3.2·10H2O,Sulfates,2
RRUFF,Scolecite,Ca(Si3Al2)O10·3H2O,Silicates,80
RRUFF,Scorodite,Fe^3+^(AsO4)·2H2O,Arsenates,9
RRUFF,Scorzalite,Fe^2+^Al2(PO4)2(OH)2,Phosphates,6
RRUFF,Scotlandite,Pb(S^4+^O3),Oxides / hydroxides,12
RRUFF,Scottyite,BaCu2Si2O7,Silicates,26
RRUFF,Scrutinyite,PbO2,Oxides / hydroxides,6
RRUFF,Seaborgite,LiK2Na6(UO2)(SO4)5(SO3OH)(H2O),Sulfates,4
RRUFF,Searlesite,NaBSi2O5(OH)2,Silicates,8
RRUFF,Seeligerite,Pb3(IO4)Cl3,Oxides / hydroxides,8
RRUFF,Segelerite,CaMgFe^3+^(PO4)2(OH)·4H2O,Phosphates,8
RRUFF,Segerstromite,Ca3(As^5+^O4)2[As^3+^(OH)3]2,Oxides / hydroxides,6
RRUFF,Segnitite,PbFe^3+^3(AsO4)(AsO3OH)(OH)6,Arsenates,6
RRUFF,Seidozerite,Na2Zr2Na2MnTi(Si2O7)2O2F2,Silicates,6
RRUFF,Sekaninaite,Fe^2+^2Al4Si5O18,Silicates,6
RRUFF,Selenium,Se,Other classes,16
RRUFF,Seligmannite,CuPbAsS3,Sulfides,12
RRUFF,Semseyite,Pb9Sb8S21,Sulfides,8
RRUFF,Senaite,"Pb(Mn,Y,U)(Fe,Zn)2(Ti,Fe,Cr,V)18(O,OH)38",Oxides / hydroxides,6
RRUFF,Senandorite,AgPbSb3S6,Sulfides,19
RRUFF,Senarmontite,Sb2O3,Oxides / hydroxides,14
RRUFF,Senegalite,Al2(PO4)(OH)3·H2O,Phosphates,30
RRUFF,Sengierite,Cu2(UO2)2(VO4)2(OH)2·6H2O,Vanadates,12
RRUFF,Sepiolite,Mg4Si6O15(OH)2·6H2O,Silicates,6
RRUFF,Serandite,NaMn^2+^2Si3O8(OH),Silicates,64
RRUFF,Serendibite,Ca4[Mg6Al6]O4[Si6B3Al3O36],Silicates,19
RRUFF,Serpierite,"Ca(Cu,Zn)4(SO4)2(OH)6·3H2O",Sulfates,6
RRUFF,Serrabrancaite,Mn(PO4)·H2O,Phosphates,6
RRUFF,Sewardite,CaFe^3+^2(AsO4)2(OH)2,Arsenates,12
RRUFF,Shandite,Ni3Pb2S2,Sulfides,7
RRUFF,Shannonite,Pb2O(CO3),Carbonates,6
RRUFF,Shattuckite,Cu5(SiO3)4(OH)2,Silicates,15
RRUFF,Shcherbakovite,K2NaTi2O(OH)Si4O12,Silicates,8
RRUFF,Shenganfuite,PbTe^4+^3O5(OH)Cl3(H2O),Oxides / hydroxides,2
RRUFF,Shibkovite,K2Ca2(Zn3Si12)O30,Silicates,5
RRUFF,Shigaite,Mn6Al3(OH)18[Na(H2O)6](SO4)2·6H2O,Sulfates,8
RRUFF,Shilovite,Cu(NH3)4(NO3)2,Nitrates,6
RRUFF,Shiranuiite,Cu^1+^(Rh^3+^Rh^4+^)S4,Sulfides,3
RRUFF,Shirozulite,KMn^2+^3(Si3Al)O10(OH)2,Silicates,6
RRUFF,Shkatulkalite,Na2Nb2Na3Ti(Si2O7)2O2(FO)(H2O)4(H2O)3,Silicates,6
RRUFF,Shomiokite-(Y),Na3Y(CO3)3·3H2O,Carbonates,7
RRUFF,Shortite,Na2Ca2(CO3)3,Carbonates,66
RRUFF,Shuiskite-(Mg),Ca2MgCr2(Si2O7)(SiO4)(OH)2·H2O,Silicates,6
RRUFF,Si3N4-beta,?,Unknown formula,6
RRUFF,Siderazot,Fe3N1.33,Other classes,2
RRUFF,Siderite,Fe(CO3),Carbonates,42
RRUFF,Sidwillite,MoO3·2H2O,Oxides / hydroxides,12
RRUFF,Siegenite,CoNi2S4,Sulfides,21
RRUFF,Sieleckiite,Cu3Al4(PO4)2(OH)12·2H2O,Phosphates,6
RRUFF,Sigloite,Fe^3+^Al2(PO4)2(OH)3·7H2O,Phosphates,6
RRUFF,Silicon,Si,Silicates,16
RRUFF,Siligiite,[Pb(H2O)5(SO4)][Zn9(OH)18],Sulfates,3
RRUFF,Sillimanite,Al2SiO5,Silicates,34
RRUFF,Silver,Ag,Other classes,20
RRUFF,Simmonsite,Na2LiAlF6,Halides,6
RRUFF,Simonellite,C19H24,Other classes,6
RRUFF,Simonkolleite,Zn5(OH)8Cl2·H2O,Oxides / hydroxides,12
RRUFF,Simplotite,CaV^4+^4O9·5H2O,Oxides / hydroxides,7
RRUFF,Simpsonite,Al4Ta3O13(OH),Oxides / hydroxides,14
RRUFF,Sincosite,Ca(VO)2(PO4)2·4H2O,Phosphates,18
RRUFF,Sinhalite,MgAl(BO4),Borates,19
RRUFF,Sinkankasite,Mn^2+^Al(PO3OH)2(OH)·6H2O,Oxides / hydroxides,6
RRUFF,Sinoite,Si2N2O,Silicates,1
RRUFF,Skachaite,CaCo(CO3)2,Carbonates,2
RRUFF,Sklodowskite,Mg(UO2)2(SiO3OH)2·6H2O,Silicates,6
RRUFF,Skorpionite,Ca3Zn2(PO4)2(CO3)(OH)2·H2O,Carbonates,6
RRUFF,Skutterudite,CoAs3,Other classes,20
RRUFF,Slavikite,(H3O)3Mg6Fe15(SO4)21(OH)18·98H2O,Sulfates,8
RRUFF,Smithite,AgAsS2,Sulfides,6
RRUFF,Smithsonite,Zn(CO3),Carbonates,32
RRUFF,Sodalite,Na4(Si3Al3)O12Cl,Silicates,101
RRUFF,Soddyite,(UO2)2(SiO4)(H2O)2,Silicates,12
RRUFF,Sofiite,Zn2(Se^4+^O3)Cl2,Oxides / hydroxides,6
RRUFF,Sogdianite,KZr2Li3Si12O30,Silicates,6
RRUFF,Sohngeite,Ga(OH)3,Oxides / hydroxides,6
RRUFF,Sonolite,Mn^2+^9(SiO4)4(OH)2,Silicates,6
RRUFF,Sonoraite,Fe^3+^(Te^4+^O3)(OH)·H2O,Oxides / hydroxides,6
RRUFF,Sorensenite,Na4Be2Sn(Si3O9)2·2H2O,Silicates,6
RRUFF,Spangolite,Cu6Al(SO4)(OH)12Cl·3H2O,Sulfates,16
RRUFF,Spencerite,Zn4(PO4)2(OH)2·3H2O,Phosphates,8
RRUFF,Sperlingite,(H2O)K(Mn^2+^Fe^3+^)(Al2Ti)(PO4)4[O(OH)][(H2O)9(OH)]·4H2O,Phosphates,3
RRUFF,Sperrylite,PtAs2,Other classes,6
RRUFF,Spertiniite,Cu(OH)2,Oxides / hydroxides,6
RRUFF,Spessartine,Mn^2+^3Al2(SiO4)3,Silicates,86
RRUFF,Sphalerite,ZnS,Sulfides,93
RRUFF,Spherocobaltite,Co(CO3),Carbonates,14
RRUFF,Spinel,MgAl2O4,Oxides / hydroxides,108
RRUFF,Spiroffite,Mn^2+^2Te^4+^3O8,Oxides / hydroxides,6
RRUFF,Spodumene,LiAlSi2O6,Silicates,57
RRUFF,Spurrite,Ca5(SiO4)2(CO3),Silicates,16
RRUFF,Srebrodolskite,Ca2Fe^3+^2O5,Oxides / hydroxides,8
RRUFF,Stanevansite,Mg(C2H3O3)2·2H2O,Oxides / hydroxides,6
RRUFF,Stankeithite,MnMnTe^4+^4O10,Oxides / hydroxides,2
RRUFF,Stannite,Cu2FeSnS4,Sulfides,10
RRUFF,Starkeyite,Mg(SO4)·4H2O,Sulfates,16
RRUFF,Staurolite,Fe^2+^2Al9Si4O23(OH),Silicates,39
RRUFF,Steacyite,"K0.3(Na,Ca)2ThSi8O20",Silicates,14
RRUFF,Steenstrupine-(Ce),Na14Ce6Mn^2+^2Fe^3+^2Zr(PO4)7Si12O36(OH)2·3H2O,Silicates,5
RRUFF,Steiningerite,Ba2Zr2(Si4O12)O2,Silicates,6
RRUFF,Stellerite,Ca4(Si28Al8)O72·28H2O,Silicates,55
RRUFF,Stenhuggarite,CaFe^3+^Sb^3+^As^3+^2O7,Oxides / hydroxides,6
RRUFF,Stephanite,Ag5SbS4,Sulfides,50
RRUFF,Sternbergite,AgFe2S3,Sulfides,8
RRUFF,Stevensite,"(Ca,Na)xMg3-ySi4O10(OH)2",Silicates,4
RRUFF,Stewartite,Mn^2+^Fe^3+^2(PO4)2(OH)2·8H2O,Phosphates,6
RRUFF,Stibarsen,SbAs,Other classes,14
RRUFF,Stibioclaudetite,AsSbO3,Borates,1
RRUFF,Stibiotantalite,Sb^3+^TaO4,Oxides / hydroxides,16
RRUFF,Stibivanite,Sb^3+^2V^4+^O5,Oxides / hydroxides,8
RRUFF,Stibnite,Sb2S3,Sulfides,81
RRUFF,Stichtite,Mg6Cr2(OH)16(CO3)·4H2O,Carbonates,21
RRUFF,Stilbite-Ca,NaCa4(Si27Al9)O72·28H2O,Silicates,48
RRUFF,Stillwellite-(Ce),CeBSiO5,Silicates,10
RRUFF,Stilpnomelane,"(K,Ca,Na)(Fe,Mg,Al)8(Si,Al)12(O,OH)36·nH2O",Silicates,20
RRUFF,Stishovite,SiO2,Silicates,14
RRUFF,Stokesite,CaSnSi3O9·2H2O,Silicates,6
RRUFF,Stolzite,Pb(WO4),Tungstates,21
RRUFF,Stottite,Fe^2+^Ge(OH)6,Oxides / hydroxides,8
RRUFF,Straczekite,"(Ca,K,Ba)(V^5+^,V^4+^)8O20·3H2O",Oxides / hydroxides,2
RRUFF,Strakhovite,"NaBa3(Mn^2+^,Mn^3+^)4[Si4O10(OH)2][Si2O7]O2·(F,OH)·H2O",Silicates,6
RRUFF,Strashimirite,Cu4(AsO4)2(OH)2·2.5H2O,Arsenates,16
RRUFF,Strelkinite,Na2(UO2)2(VO4)2·6H2O,Vanadates,6
RRUFF,Strengite,Fe^3+^(PO4)·2H2O,Phosphates,15
RRUFF,Stringhamite,CaCu(SiO4)·H2O,Silicates,12
RRUFF,Stromeyerite,CuAgS,Sulfides,12
RRUFF,Strontianite,Sr(CO3),Carbonates,47
RRUFF,Strontiodresserite,SrAl2(CO3)2(OH)4·H2O,Carbonates,6
RRUFF,Strontioginorite,CaSrB14O20(OH)6·5H2O,Oxides / hydroxides,6
RRUFF,Strontiohurlbutite,SrBe2(PO4)2,Phosphates,3
RRUFF,Strontiojoaquinite,"(Na,Fe)2Ba2Sr2Ti2(SiO3)8(O,OH)2·H2O",Silicates,14
RRUFF,Strontioruizite,Sr2Mn^3+^2Si4O11(OH)4·2H2O,Silicates,5
RRUFF,Strunzite,Mn^2+^Fe^3+^2(PO4)2(OH)2·6H2O,Phosphates,8
RRUFF,Struvite,(NH4)Mg(PO4)·6H2O,Phosphates,14
RRUFF,Stutzite,Ag5-xTe3(x=0.24-0.36),Other classes,14
RRUFF,Suenoite,[box]Mn2Mg5Si8O22(OH)2,Silicates,3
RRUFF,Sugarwhiteite,Pb2Te5O12,Oxides / hydroxides,1
RRUFF,Sugilite,KNa2Fe^3+^2(Li3Si12)O30,Silicates,12
RRUFF,Sulfadoxine,?,Unknown formula,6
RRUFF,Sulfatoredmondite,[Pb8O2Zn(OH)6](SO4)4·6H2O,Sulfates,4
RRUFF,Sulfoborite,"Mg3[B(OH)4]2(SO4)(OH,F)2",Borates,6
RRUFF,Sulphohalite,Na6(SO4)2ClF,Sulfates,8
RRUFF,Sulphur,S,Sulfides,66
RRUFF,Sulvanite,Cu3VS4,Sulfides,6
RRUFF,Sunshuite,FeBi2S4,Sulfides,4
RRUFF,Suolunite,Ca2Si2O5(OH)2·H2O,Silicates,5
RRUFF,Suredaite,PbSnS3,Sulfides,12
RRUFF,Surite,"(Pb,Ca)3Al2(Si,Al)4O10(CO3)2(OH)3·0.3H2O",Silicates,12
RRUFF,Sursassite,Mn^2+^2Al3(SiO4)(Si2O7)(OH)3,Silicates,6
RRUFF,Susannite,Pb4(SO4)(CO3)2(OH)2,Carbonates,6
RRUFF,Sussexite,Mn^2+^BO2(OH),Oxides / hydroxides,7
RRUFF,Suzukiite,BaV^4+^Si2O7,Silicates,6
RRUFF,Svabite,Ca5(AsO4)3F,Arsenates,6
RRUFF,Svanbergite,SrAl3(SO4)(PO4)(OH)6,Phosphates,14
RRUFF,Swedenborgite,NaBe4Sb^5+^O7,Oxides / hydroxides,6
RRUFF,Swinefordite,"Ca0.2(Li,Al,Mg,Fe)3(Si,Al)4O10(OH,F)2·nH2O",Silicates,6
RRUFF,Sylvanite,AgAuTe4,Other classes,8
RRUFF,Sylvite,KCl,Halides,4
RRUFF,Symplesite,Fe^2+^3(AsO4)2·8H2O,Arsenates,12
RRUFF,Synadelphite,Mn^2+^9(AsO4)2(AsO3)(OH)9·2H2O,Arsenates,6
RRUFF,Synchysite-(Ce),CaCe(CO3)2F,Carbonates,12
RRUFF,Synchysite-(Y),CaY(CO3)2F,Carbonates,6
RRUFF,Syngenite,K2Ca(SO4)2·H2O,Sulfates,6
RRUFF,Szaibelyite,MgBO2(OH),Oxides / hydroxides,23
RRUFF,Szenicsite,Cu3(MoO4)(OH)4,Molybdates,14
RRUFF,Szomolnokite,Fe(SO4)·H2O,Sulfates,8
RRUFF,Tadzhikite-(Ce),Ca4Ce2Ti[box](B4Si4O22)(OH)2,Silicates,2
RRUFF,Tainiolite,KLiMg2Si4O10F2,Silicates,6
RRUFF,Taipingite-(CeCa),(Ce7Ca2)[box]Mg(SiO4)3[SiO3(OH)]4F3,Silicates,2
RRUFF,Takedaite,Ca3B2O6,Oxides / hydroxides,6
RRUFF,Takeuchiite,Mg2Mn^3+^O2(BO3),Borates,6
RRUFF,Talc,Mg3Si4O10(OH)2,Silicates,82
RRUFF,Talmessite,Ca2Mg(AsO4)2·2H2O,Arsenates,18
RRUFF,Talnakhite,Cu9Fe8S16,Sulfides,6
RRUFF,Tamarugite,NaAl(SO4)2·6H2O,Sulfates,6
RRUFF,Taneyamalite,"(Na,Ca)Mn^2+^12(Si,Al)12(O,OH)44",Silicates,7
RRUFF,Tangeite,CaCu(VO4)(OH),Vanadates,7
RRUFF,Taniajacoite,SrCaMn^3+^2Si4O11(OH)4·2H2O,Silicates,6
RRUFF,Tantalite-(Fe),Fe^2+^Ta2O6,Oxides / hydroxides,7
RRUFF,Tantalite-(Mn),Mn^2+^Ta2O6,Oxides / hydroxides,21
RRUFF,Tapiaite,Ca5Al2(AsO4)4(OH)4·12H2O,Arsenates,6
RRUFF,Tapiolite-(Fe),Fe^2+^Ta2O6,Oxides / hydroxides,16
RRUFF,Taramellite,"Ba4(Fe^3+^,Ti)4O2[B2Si8O27]Clx",Silicates,12
RRUFF,Taramite,Na(NaCa)(Mg3Al2)(Si6Al2)O22(OH)2,Silicates,12
RRUFF,Tarbuttite,Zn2(PO4)(OH),Phosphates,8
RRUFF,Tausonite,SrTiO3,Oxides / hydroxides,8
RRUFF,Tavorite,LiFe^3+^(PO4)(OH),Phosphates,12
RRUFF,Tazzoliite,Ba2CaSr0.5Na0.5Ti2Nb3SiO17[PO2(OH)2]0.5,Silicates,1
RRUFF,Teallite,PbSnS2,Sulfides,14
RRUFF,Teineite,Cu^2+^(Te^4+^O3)·2H2O,Oxides / hydroxides,6
RRUFF,Tellurite,TeO2,Oxides / hydroxides,16
RRUFF,Tellurium,Te,Other classes,16
RRUFF,Tellurobismuthite,Bi2Te3,Other classes,12
RRUFF,Tengerite-(Y),Y2(CO3)3·2-3H2O,Carbonates,4
RRUFF,Tennantite-(Fe),Cu6(Cu4Fe2)As4S13,Sulfides,6
RRUFF,Tennantite-(Ni),Cu6(Cu4Ni2)As4S13,Sulfides,2
RRUFF,Tennantite-(Zn),Cu6(Cu4Zn2)As4S13,Sulfides,18
RRUFF,Tenorite,CuO,Oxides / hydroxides,12
RRUFF,Tephroite,Mn^2+^2(SiO4),Silicates,23
RRUFF,Terlinguacreekite,Hg^2+^3O2Cl2,Oxides / hydroxides,6
RRUFF,Terlinguaite,Hg2OCl,Oxides / hydroxides,12
RRUFF,Ternesite,Ca5(SiO4)2(SO4),Silicates,6
RRUFF,Terrywallaceite,"AgPb(Sb,Bi)3S6",Sulfides,8
RRUFF,Tetradymite,Bi2Te2S,Sulfides,12
RRUFF,Tetrahedrite-(Ni),Cu6(Cu4Ni2)Sb4S13,Sulfides,2
RRUFF,Tetrahedrite-(Zn),Cu6(Cu4Zn2)Sb4S13,Sulfides,24
RRUFF,Tetrawickmanite,Mn^2+^Sn^4+^(OH)6,Oxides / hydroxides,12
RRUFF,Thaumasite,Ca3Si(OH)6(CO3)(SO4)·12H2O,Silicates,12
RRUFF,Theisite,Cu5Zn5(AsO4)2(OH)14,Arsenates,4
RRUFF,Thenardite,Na2(SO4),Sulfates,16
RRUFF,Theophrastite,Ni(OH)2,Oxides / hydroxides,6
RRUFF,Thomasclarkite-(Y),NaY(HCO3)(OH)3·4H2O,Carbonates,6
RRUFF,Thometzekite,PbCu^2+^2(AsO4)2·2H2O,Arsenates,12
RRUFF,Thomsenolite,NaCaAlF6·H2O,Oxides / hydroxides,8
RRUFF,Thomsonite-Ca,NaCa2(Al5Si5)O20·6H2O,Silicates,62
RRUFF,Thorianite,ThO2,Oxides / hydroxides,12
RRUFF,Thorite,Th(SiO4),Silicates,4
RRUFF,Thorneite,Pb6(Te2O10)(CO3)Cl2(H2O),Carbonates,3
RRUFF,Thortveitite,Sc2Si2O7,Silicates,11
RRUFF,Tiemannite,HgSe,Other classes,16
RRUFF,Tilasite,CaMg(AsO4)F,Arsenates,13
RRUFF,Tilleyite,Ca5Si2O7(CO3)2,Silicates,38
RRUFF,Tin,Sn,Other classes,7
RRUFF,Tinaksite,K2NaCa2TiSi7O18(OH)O,Silicates,8
RRUFF,Tincalconite,Na2B4O5(OH)4·3H2O,Oxides / hydroxides,8
RRUFF,Tinsleyite,KAl2(PO4)2(OH)·2H2O,Phosphates,6
RRUFF,Tinticite,Fe^3+^3(PO4)2(OH)3·3H2O,Phosphates,9
RRUFF,Tintinaite,Pb10Cu2Sb16S35,Sulfides,12
RRUFF,Tinzenite,Ca2Mn^2+^4Al4[B2Si8O30](OH)2,Silicates,14
RRUFF,Tiptopite,"K2(Li,Na,Ca)6(Be6P6)O24(OH)2·1.3H2O",Oxides / hydroxides,8
RRUFF,Tiragalloite,Mn^2+^4As^5+^Si3O12(OH),Silicates,6
RRUFF,Tistarite,Ti2O3,Oxides / hydroxides,2
RRUFF,Titanite,CaTi(SiO4)O,Silicates,184
RRUFF,Titanowodginite,Mn^2+^TiTa2O8,Oxides / hydroxides,6
RRUFF,Titantaramellite,"Ba4(Ti,Fe^3+^,Mg)4(O,OH)2[B2Si8O27]Clx",Silicates,13
RRUFF,Tlapallite,"(Ca,Pb)3CaCu6[Te^4+^3Te^6+^O12]2(Te^4+^O3)2(SO4)2·3H2O",Sulfates,9
RRUFF,Tobermorite,Ca4Si6O17(H2O)2·(Ca·3H2O),Silicates,8
RRUFF,Tochilinite,"6(Fe0.9S)·5[(Mg,Fe)(OH)2]",Oxides / hydroxides,6
RRUFF,Tocornalite,"(Ag,Hg)I(?)",Halides,8
RRUFF,Todorokite,"(Na,Ca,K,Ba,Sr)1-x(Mn,Mg,Al)6O12·3-4H2O",Oxides / hydroxides,6
RRUFF,Tokkoite,K2Ca4Si7O18(OH)F,Silicates,6
RRUFF,Tolovkite,IrSbS,Sulfides,7
RRUFF,Tombstoneite,(Ca0.5Pb0.5)Pb3Cu^2+^6Te^6+^2O6(Te^4+^O3)6(Se^4+^O3)2(SO4)2·3H2O,Sulfates,3
RRUFF,Tomcampbellite,[KCl][Fe^2+^14(OH)6(PO4)6(PO3OH)2],Phosphates,3
RRUFF,Tomichite,V^3+^4Ti^4+^3As^3+^O13(OH),Oxides / hydroxides,12
RRUFF,Topaz,Al2SiO4F2,Silicates,129
RRUFF,Tourmaline,?,Unknown formula,38
RRUFF,Traskite,"Ba21Ca(Fe^2+^,Mn,Ti)4(Ti,Fe,Mg)12(Si12O36)(Si2O7)6(O,OH)30Cl6·14H2O",Silicates,5
RRUFF,Trattnerite,Fe^3+^2(Mg3Si12)O30,Silicates,6
RRUFF,Trechmannite,AgAsS2,Sulfides,6
RRUFF,Trembathite,Mg3B7O13Cl,Oxides / hydroxides,6
RRUFF,Tremolite,[box]Ca2(Mg5.0-4.5Fe^2+^0.0-0.5)Si8O22(OH)2,Silicates,167
RRUFF,Trevorite,NiFe^3+^2O4,Oxides / hydroxides,14
RRUFF,Tridymite,SiO2,Silicates,29
RRUFF,Trigonite,Pb3Mn^2+^(AsO3)2(AsO2OH),Sulfates,6
RRUFF,Trilithionite,KLi1.5Al1.5(Si3Al)O10F2,Silicates,94
RRUFF,Trinitite,?,Unknown formula,6
RRUFF,Triphylite,LiFe^2+^(PO4),Phosphates,44
RRUFF,Triplite,Mn^2+^2(PO4)F,Phosphates,73
RRUFF,Triploidite,Mn^2+^2(PO4)(OH),Phosphates,2
RRUFF,Tripuhyite,Fe^3+^Sb^5+^O4,Oxides / hydroxides,6
RRUFF,Tritomite-(Ce),"Ce5(SiO4,BO4)3(OH,O)",Silicates,7
RRUFF,Troilite,FeS,Sulfides,12
RRUFF,Trolleite,Al4(PO4)3(OH)3,Phosphates,16
RRUFF,Trona,Na3(HCO3)(CO3)·2H2O,Carbonates,14
RRUFF,Tsaregorodtsevite,N(CH3)4Si4(SiAl)O12,Silicates,12
RRUFF,Tschermigite,(NH4)Al(SO4)2·12H2O,Sulfates,8
RRUFF,Tschernichite,CaAl2Si6O16·8H2O,Silicates,6
RRUFF,Tsepinite-Ca,"(Ca,K,Na)2-x(Ti,Nb)2(Si4O12)(OH,O)2·4H2O",Silicates,6
RRUFF,Tsepinite-K,"(K,Ba,Na)2(Ti,Nb)2(Si4O12)(OH,O)2·3H2O",Silicates,6
RRUFF,Tsepinite-Na,"(Na,H3O,K,Sr,Ba,[box])2(Ti,Nb)2(Si4O12)(OH,O)2·3H2O",Silicates,6
RRUFF,Tsumcorite,PbZn2(AsO4)2·2H2O,Arsenates,20
RRUFF,Tsumebite,Pb2Cu(PO4)(SO4)(OH),Phosphates,12
RRUFF,Tsumgallite,GaO(OH),Oxides / hydroxides,6
RRUFF,Tsumoite,BiTe,Other classes,8
RRUFF,Tugarinovite,MoO2,Oxides / hydroxides,6
RRUFF,Tugtupite,Na4BeAlSi4O12Cl,Silicates,15
RRUFF,Tuite,Ca3(PO4)2,Phosphates,6
RRUFF,Tumchaite,Na2ZrSi4O11·2H2O,Silicates,8
RRUFF,Tundrite-(Ce),Na2Ce2TiO2(SiO4)(CO3)2,Silicates,18
RRUFF,Tundrite-(Nd),Na2Nd2TiO2(SiO4)(CO3)2,Silicates,6
RRUFF,Tunellite,SrB6O9(OH)2·3H2O,Oxides / hydroxides,14
RRUFF,Tungstenite,WS2,Sulfides,8
RRUFF,Tungstite,WO3·H2O,Oxides / hydroxides,10
RRUFF,Tungusite,Ca14Fe^2+^9Si24O60(OH)22,Silicates,8
RRUFF,Tunisite,NaCa2Al4(CO3)4(OH)8Cl,Carbonates,8
RRUFF,Tuperssuatsiaite,"Na2(Fe^3+^,Mn^2+^)3Si8O20(OH)2·4H2O",Silicates,6
RRUFF,Turkestanite,"(K,[box])(Ca,Na)2ThSi8O20·nH2O",Silicates,5
RRUFF,Turneaureite,Ca5(AsO4)3Cl,Arsenates,6
RRUFF,Turquoise,CuAl6(PO4)4(OH)8·4H2O,Phosphates,18
RRUFF,Turtmannite,Mn25O5(VO4)3(SiO4)3(OH)20,Silicates,6
RRUFF,Tuscanite,"KCa6(Si,Al)10O22(SO4,CO3)2(OH)·H2O",Silicates,6
RRUFF,Tuzlaite,NaCaB5O8(OH)2·3H2O,Oxides / hydroxides,6
RRUFF,Tvalchrelidzeite,Hg3SbAsS3,Sulfides,6
RRUFF,Tveitite-(Y),"(Y,Na)6(Ca,Na,REE)12(Ca,Na)F42",Halides,4
RRUFF,Tweddillite,CaSrMn^3+^2Al(Si2O7)(SiO4)O(OH),Silicates,6
RRUFF,Tychite,Na6Mg2(CO3)4(SO4),Carbonates,13
RRUFF,Tyrolite,Ca2Cu9(AsO4)4(CO3)(OH)8·11H2O,Carbonates,22
RRUFF,Tyrrellite,"Cu(Co,Ni)2Se4",Other classes,8
RRUFF,Tyuyamunite,Ca(UO2)2(VO4)2·5-8H2O,Vanadates,12
RRUFF,Uchucchacuaite,AgMnPb3Sb5S12,Sulfides,13
RRUFF,Ulexite,NaCaB5O6(OH)6·5H2O,Oxides / hydroxides,16
RRUFF,Ullmannite,NiSbS,Sulfides,9
RRUFF,Ulrichite,CaCu(UO2)(PO4)2·4H2O,Phosphates,6
RRUFF,Umangite,Cu3Se2,Other classes,6
RRUFF,Umohoite,(UO2)(MoO4)·2H2O,Molybdates,6
RRUFF,unknown,?,Unknown formula,6
RRUFF,Uralborite,CaB2O2(OH)4,Oxides / hydroxides,6
RRUFF,Uralolite,Ca2Be4(PO4)3(OH)3·5H2O,Phosphates,6
RRUFF,Uramarsite,(NH4)(UO2)(AsO4)·3H2O,Arsenates,6
RRUFF,Uraninite,UO2,Oxides / hydroxides,6
RRUFF,Uranoclite,(UO2)2(OH)2Cl2(H2O)4,Oxides / hydroxides,6
RRUFF,Uranophane,Ca(UO2)2(SiO3OH)2·5H2O,Silicates,22
RRUFF,Uranopilite,(UO2)6(SO4)O2(OH)6·14H2O,Sulfates,6
RRUFF,Uroxite,[(UO2)2(C2O4)(OH)2(H2O)2]·H2O,Oxides / hydroxides,3
RRUFF,Urusovite,CuAlO(AsO4),Arsenates,6
RRUFF,Ushkovite,MgFe^3+^2(PO4)2(OH)2·8H2O,Phosphates,6
RRUFF,Ussingite,Na2AlSi3O8(OH),Silicates,6
RRUFF,Utahite,MgCu^2+^4Zn2Te^6+^3O14(OH)4·6H2O,Oxides / hydroxides,6
RRUFF,Uvarovite,Ca3Cr2(SiO4)3,Silicates,29
RRUFF,Uzonite,As4S5,Sulfides,8
RRUFF,Vaesite,NiS2,Sulfides,6
RRUFF,Valentinite,Sb2O3,Oxides / hydroxides,24
RRUFF,Valleriite,"2[(Fe,Cu)S]·1.53[(Mg,Al)(OH)2]",Oxides / hydroxides,14
RRUFF,Vanadinite,Pb5(VO4)3Cl,Vanadates,58
RRUFF,Vanadiocarpholite,Mn^2+^V^3+^AlSi2O6(OH)4,Silicates,8
RRUFF,Vanalite,NaAl8V10O38·30H2O,Oxides / hydroxides,6
RRUFF,Vandenbrandeite,Cu(UO2)(OH)4,Oxides / hydroxides,16
RRUFF,Vandendriesscheite,Pb1.6(UO2)10O6(OH)11·11H2O,Oxides / hydroxides,8
RRUFF,Vandermeerscheite,K2[(UO2)2V2O8]·2H2O,Oxides / hydroxides,3
RRUFF,Vantasselite,Al4(PO4)3(OH)3·9H2O,Phosphates,2
RRUFF,Vanuralite,Al(UO2)2(VO4)2(OH)·8.5H2O,Vanadates,2
RRUFF,Varennesite,"Na8Mn2Si10O25(OH,Cl)2·12H2O",Silicates,8
RRUFF,Variscite,Al(PO4)·2H2O,Phosphates,28
RRUFF,Varulite,Na2Mn(MnFe^3+^)(PO4)3,Phosphates,19
RRUFF,Vasilite,"(Pd,Cu)16(S,Te)7",Sulfides,7
RRUFF,Vastmanlandite-(Ce),Ce3CaMg2Al2Si5O19(OH)2F,Silicates,5
RRUFF,Vauquelinite,CuPb2(CrO4)(PO4)(OH),Phosphates,11
RRUFF,Vauxite,Fe^2+^Al2(PO4)2(OH)2·6H2O,Phosphates,7
RRUFF,Vayrynenite,BeMn^2+^(PO4)(OH),Phosphates,48
RRUFF,Veatchite,Sr2B11O16(OH)5·H2O,Oxides / hydroxides,6
RRUFF,Veenite,"Pb2(Sb,As)2S5",Sulfides,6
RRUFF,Vergasovaite,Cu3O(MoO4)(SO4),Molybdates,6
RRUFF,Vermiculite,"Mg0.7(Mg,Fe,Al)6(Si,Al)8O20(OH)4·8H2O",Silicates,8
RRUFF,Vernadite,"(Mn,Fe,Ca,Na)(O,OH)2·nH2O",Oxides / hydroxides,8
RRUFF,Verplanckite,"Ba4Mn^2+^2Si4O12(OH,H2O)3Cl3",Silicates,2
RRUFF,Vertumnite,Ca4Al4Si4O6(OH)24·3H2O,Silicates,7
RRUFF,Vesignieite,Cu3Ba(VO4)2(OH)2,Vanadates,6
RRUFF,Vesuvianite,"(Ca,Na)19(Al,Mg,Fe)13(SiO4)10(Si2O7)4(OH,F,O)10",Silicates,91
RRUFF,Veszelyite,"(Cu,Zn)2Zn(PO4)(OH)3·2H2O",Phosphates,30
RRUFF,Vigezzite,CaNb2O6,Oxides / hydroxides,14
RRUFF,Viitaniemiite,NaCaAl(PO4)F3,Phosphates,6
RRUFF,Villiaumite,NaF,Halides,6
RRUFF,Violarite,FeNi2S4,Sulfides,6
RRUFF,Virgilluethite,MoO3·H2O,Oxides / hydroxides,6
RRUFF,Viseite,Ca10Al24(PO4)14(SiO4)6F3O13·72H2O,Silicates,2
RRUFF,Vishnevite,Na8(Al6Si6)O24(SO4)·2H2O,Silicates,6
RRUFF,Vismirnovite,ZnSn(OH)6,Oxides / hydroxides,6
RRUFF,Vistepite,Mn4SnB2O2(Si2O7)2(OH)2,Silicates,6
RRUFF,Vivianite,Fe^2+^3(PO4)2·8H2O,Phosphates,79
RRUFF,Vladimirite,Ca4(AsO4)2(AsO3OH)·4H2O,Arsenates,14
RRUFF,Vladimirivanovite,"Na6Ca2[Al6Si6O24](SO4,S3,S2,Cl)2·H2O",Silicates,1
RRUFF,Vlasovite,Na2ZrSi4O11,Silicates,6
RRUFF,Vlodavetsite,Ca2Al(SO4)2F2Cl·4H2O,Sulfates,6
RRUFF,Voglite,Ca2Cu(UO2)(CO3)4·6H2O,Carbonates,2
RRUFF,Volaschioite,Fe4(SO4)O2(OH)6·2H2O,Sulfates,2
RRUFF,Volborthite,Cu3V2O7(OH)2·2H2O,Oxides / hydroxides,28
RRUFF,Volkovskite,KCa4B22O32(OH)10Cl·4H2O,Oxides / hydroxides,6
RRUFF,Voltaite,K2Fe^2+^5Fe^3+^3Al(SO4)12·18H2O,Sulfates,6
RRUFF,Vonsenite,Fe^2+^2Fe^3+^O2(BO3),Borates,14
RRUFF,Vuagnatite,CaAlSiO4(OH),Silicates,8
RRUFF,Vuonnemite,Na6Na2Nb2Na3Ti(Si2O7)2(PO4)2O2(OF),Silicates,22
RRUFF,Vuoriyarvite-K,"(K,Na,[box])12Nb8(Si4O12)4O8·12-16H2O",Silicates,6
RRUFF,Wadeite,K2ZrSi3O9,Silicates,13
RRUFF,Wadsleyite,Mg2SiO4,Silicates,8
RRUFF,Wagnerite,Mg2(PO4)F,Phosphates,22
RRUFF,Waimirite-(Y),YF3,Halides,6
RRUFF,Wairakite,Ca(Si4Al2)O12·2H2O,Silicates,6
RRUFF,Wakabayashilite,"(As,Sb)6As4S14",Sulfides,11
RRUFF,Wakefieldite-(Ce),CeVO4,Vanadates,14
RRUFF,Walpurgite,Bi4O4(UO2)(AsO4)2·2H2O,Arsenates,6
RRUFF,Walstromite,BaCa2Si3O9,Silicates,12
RRUFF,Wangdaodeite,FeTiO3,Oxides / hydroxides,2
RRUFF,Wangkuirenite,Pb3Cl2(SeO3)2,Oxides / hydroxides,5
RRUFF,Wardite,NaAl3(PO4)2(OH)4·2H2O,Phosphates,8
RRUFF,Warikahnite,Zn3(AsO4)2·2H2O,Arsenates,8
RRUFF,Warwickite,"(Mg,Ti,Fe,Cr,Al)2O(BO3)",Borates,14
RRUFF,Wattersite,Hg^1+^4Hg^2+^O2(CrO4),Oxides / hydroxides,6
RRUFF,Wavellite,Al3(PO4)2(OH)3·5H2O,Phosphates,41
RRUFF,Waylandite,BiAl3(PO4)2(OH)6,Phosphates,6
RRUFF,Weddellite,Ca(C2O4)·2H2O,Oxides / hydroxides,12
RRUFF,Weeksite,(K)2(UO2)2(Si5O13)·4H2O,Silicates,6
RRUFF,Weloganite,Na2Sr3Zr(CO3)6·3H2O,Carbonates,40
RRUFF,Wendwilsonite,Ca2Mg(AsO4)2·2H2O,Arsenates,69
RRUFF,Wenlanzhangite-(Y),Y2V^3+^2V^4+^2(SiO4)2O4(OH)4,Silicates,2
RRUFF,Wermlandite,Mg7Al2(OH)18[Ca(H2O)6](SO4)2·6H2O,Sulfates,6
RRUFF,Wernerbaurite,{(NH4)2[Ca2(H2O)14](H2O)2}{V10O28},Oxides / hydroxides,3
RRUFF,Wesselsite,SrCuSi4O10,Silicates,5
RRUFF,Westerveldite,FeAs,Other classes,6
RRUFF,Wheat starch,?,Unknown formula,6
RRUFF,Wheatleyite,Na2Cu(C2O4)2·2H2O,Oxides / hydroxides,6
RRUFF,Whelanite,Cu2Ca6[Si6O17(OH)](CO3)(OH)3(H2O)2,Silicates,6
RRUFF,Wherryite,Pb7Cu2(SO4)4(SiO4)2(OH)2,Silicates,10
RRUFF,Whewellite,Ca(C2O4)·H2O,Oxides / hydroxides,54
RRUFF,Whiteite-(CaFeMg),CaFe^2+^Mg2Al2(PO4)4(OH)2·8H2O,Phosphates,12
RRUFF,Whiteite-(CaMnMg),CaMn^2+^Mg2Al2(PO4)4(OH)2·8H2O,Phosphates,6
RRUFF,Whitlockite,Ca9Mg(PO3OH)(PO4)6,Phosphates,30
RRUFF,Whitmoreite,Fe^2+^Fe^3+^2(PO4)2(OH)2·4H2O,Phosphates,6
RRUFF,Wickenburgite,Pb3CaAl2Si10O27·4H2O,Silicates,15
RRUFF,Wickmanite,Mn^2+^Sn^4+^(OH)6,Oxides / hydroxides,8
RRUFF,Wicksite,"NaCa2Fe^2+^2(Fe^3+^,Mn^2+^,Fe^2+^)4(PO4)6·2H2O",Phosphates,7
RRUFF,Widenmannite,Pb2(OH)2[(UO2)(CO3)2],Carbonates,8
RRUFF,Wightmanite,Mg5O(BO3)(OH)5·2H2O,Borates,6
RRUFF,Wilancookite,(Ba5Li2[box])Ba6Be24P24O96·26H2O,Oxides / hydroxides,6
RRUFF,Wilhelmkleinite,ZnFe^3+^2(AsO4)2(OH)2,Arsenates,6
RRUFF,Wilkinsonite,Na4[Fe^2+^8Fe^3+^4]O4[Si12O36],Silicates,6
RRUFF,Willemite,Zn2SiO4,Silicates,18
RRUFF,Willemseite,Ni3Si4O10(OH)2,Silicates,5
RRUFF,Willhendersonite,KCa(Si3Al3)O12·5H2O,Silicates,5
RRUFF,Wiluite,"Ca19(Al,Mg)13(B,[box],Al)5(SiO4)10(Si2O7)4(O,OH)10",Silicates,8
RRUFF,Winchite,[box](NaCa)(Mg4Al)Si8O22(OH)2,Silicates,6
RRUFF,Wiserite,"Mn^2+^14(B2O5)4(OH)8·(Si,Mg)(O,OH)4Cl",Silicates,6
RRUFF,Witherite,Ba(CO3),Carbonates,76
RRUFF,Wittichenite,Cu3BiS3,Sulfides,10
RRUFF,Wodginite,Mn^2+^Sn^4+^Ta2O8,Oxides / hydroxides,8
RRUFF,Wohlerite,"Na2Ca4Zr(Nb,Ti)(Si2O7)2(O,F)4",Silicates,16
RRUFF,Wolfeite,Fe^2+^2(PO4)(OH),Phosphates,20
RRUFF,Wollastonite,CaSiO3,Silicates,26
RRUFF,Wolsendorfite,Pb7(UO2)14O19(OH)4·12H2O,Oxides / hydroxides,8
RRUFF,Woodhouseite,CaAl3(SO4)(PO4)(OH)6,Phosphates,6
RRUFF,Woodwardite,"(Cu1-xAlx)(SO4)x/2(OH)2·nH2O(x<0.5,n<3x/2)",Sulfates,7
RRUFF,Wooldridgeite,Na2CaCu^2+^2(P2O7)2·10H2O,Oxides / hydroxides,8
RRUFF,Wulfenite,PbMoO4,Molybdates,40
RRUFF,Wupatkiite,CoAl2(SO4)4·22H2O,Sulfates,6
RRUFF,Wurtzite,ZnS,Sulfides,12
RRUFF,Wyartite II,CaU^5+^(U^6+^O2)2O4(OH)·3H2O,Oxides / hydroxides,8
RRUFF,Xanthoconite,Ag3AsS3,Sulfides,12
RRUFF,Xanthoxenite,Ca4Fe^3+^2(PO4)4(OH)2·3H2O,Phosphates,2
RRUFF,Xenotime-(Gd),Gd(PO4),Phosphates,6
RRUFF,Xenotime-(Y),Y(PO4),Phosphates,41
RRUFF,Xocomecatlite,Cu3(Te^6+^O4)(OH)4,Oxides / hydroxides,8
RRUFF,Xonotlite,Ca6Si6O17(OH)2,Silicates,12
RRUFF,Yangite,PbMnSi3O8·H2O,Silicates,8
RRUFF,Yanomamite,In(AsO4)·2H2O,Arsenates,2
RRUFF,Yarrowite,Cu9S8,Sulfides,2
RRUFF,Yeatmanite,Zn6Mn^2+^9Sb^5+^2O12(SiO4)4,Silicates,6
RRUFF,Yedlinite,"Pb6Cr(Cl,OH)6(OH,O)8",Oxides / hydroxides,2
RRUFF,Yellowcatite,KNaFe^3+^2(Se^4+^O3)2(V^5+^2O7)·7H2O,Oxides / hydroxides,3
RRUFF,Yingjiangite,K2Ca(UO2)7(PO4)4(OH)6·6H2O,Phosphates,6
RRUFF,Yoderite,(MgAl3)(MgAl)Al2O2(SiO4)4(OH)2,Silicates,6
RRUFF,Yofortierite,Mn^2+^5Si8O20(OH)2·7H2O,Silicates,7
RRUFF,Yoshimuraite,Ba4Mn^2+^4Ti2(Si2O7)2(PO4)2O2(OH)2,Silicates,10
RRUFF,Yttrium aluminum garnet,?,Unknown formula,18
RRUFF,Yttrotantalite-(Y),"(Y,U,Fe^2+^)(Ta,Nb)(O,OH)4",Oxides / hydroxides,18
RRUFF,Yttrotungstite-(Y),"Y(W,Fe,Si,Al,Ti)2(O,OH,H2O)9",Silicates,6
RRUFF,Yuanfuliite,"Mg(Fe^3+^,Al)O(BO3)",Borates,6
RRUFF,Yugawaralite,Ca(Si6Al2)O16·4H2O,Silicates,16
RRUFF,Yukonite,Ca2Fe^3+^3(AsO4)3(OH)4·4H2O,Arsenates,2
RRUFF,Yuksporite,"K4(Ca,Na)14(Sr,Ba)2([box],Mn,Fe)(Ti,Nb)4(O,OH)4(Si6O17)2(Si2O7)3(H2O,OH)3",Silicates,6
RRUFF,Yuzuxiangite,Sr3Fe^3+^(Si2O6)2(OH)·3H2O,Silicates,1
RRUFF,Yvonite,Cu(AsO3OH)·2H2O,Sulfates,8
RRUFF,Zabuyelite,Li2(CO3),Carbonates,6
RRUFF,Zaccariniite,RhNiAs,Other classes,4
RRUFF,Zalesiite,CaCu6(AsO4)2(AsO3OH)(OH)6·3H2O,Arsenates,13
RRUFF,Zanazziite,Ca2Be4Mg5(PO4)6(OH)4·6H2O,Phosphates,14
RRUFF,Zaratite,Ni3(CO3)(OH)4·4H2O,Carbonates,8
RRUFF,Zavaritskite,BiOF,Oxides / hydroxides,7
RRUFF,Zektzerite,NaLiZrSi6O15,Silicates,7
RRUFF,Zellerite,Ca(UO2)(CO3)2·5H2O,Carbonates,6
RRUFF,Zemannite,Mg0.5ZnFe^3+^(Te^4+^O3)3·<i>n</i>H2O(3≤<i>n</i>≤4.5),Oxides / hydroxides,8
RRUFF,Zeophyllite,Ca13Si10O28(OH)2F8·6H2O,Silicates,8
RRUFF,Zhanghuifenite,Na3Mn^2+^4Mg2Al(PO4)6,Phosphates,12
RRUFF,Zharchikhite,Al(OH)2F,Oxides / hydroxides,6
RRUFF,Zhenruite,(MoO3)2·H2O,Oxides / hydroxides,5
RRUFF,Zheshengite,Pb4ZnZn2(AsO4)2(PO4)2(OH)2,Phosphates,3
RRUFF,Ziesite,Cu2V^5+^2O7,Oxides / hydroxides,6
RRUFF,Zigrasite,MgZr(PO4)2·4H2O,Phosphates,6
RRUFF,Zinc,Zn,Other classes,8
RRUFF,Zincite,ZnO,Oxides / hydroxides,24
RRUFF,Zincochenite,Pb4Zn(OH)6(SO4)2,Sulfates,3
RRUFF,Zincocopiapite,ZnFe^3+^4(SO4)6(OH)2·20H2O,Sulfates,4
RRUFF,Zincolibethenite,CuZn(PO4)(OH),Phosphates,10
RRUFF,Zincolivenite,CuZn(AsO4)(OH),Arsenates,6
RRUFF,Zincorietveldite,Zn(UO2)(SO4)2(H2O)5,Sulfates,3
RRUFF,Zincorinmanite-(Zn),ZnSb^5+^(Fe^3+^2Zn)O7(OH),Oxides / hydroxides,2
RRUFF,Zincroselite,Ca2Zn(AsO4)2·2H2O,Arsenates,6
RRUFF,Zinkenite,Pb9Sb22S42,Sulfides,14
RRUFF,Zinnwaldite,"K(Al,Fe,Li)3(Si,Al)4O10(OH)F",Silicates,7
RRUFF,Zircon,Zr(SiO4),Silicates,123
RRUFF,Zirkelite,"(Ti,Ca,Zr)O2-x",Oxides / hydroxides,14
RRUFF,Zirsilite-(Ce),"(Na,[box])12(Ce,Na)3Ca6Mn3Zr3NbSi25O73(OH)3(CO3)·H2O",Silicates,6
RRUFF,Znucalite,Zn10Ca(UO2)(CO3)4(OH)16(H2O)5,Carbonates,8
RRUFF,Zoisite,Ca2Al3[Si2O7][SiO4]O(OH),Silicates,76
RRUFF,Zoisite-(Pb),CaPbAl3[Si2O7][SiO4]O(OH),Silicates,2
RRUFF,Zorite,"Na6Ti5Si12O34(O,OH)5·11H2O",Silicates,6
RRUFF,Zunyite,"Al13Si5O20(OH,F)18Cl",Silicates,14
RRUFF,Zussmanite,"K(Fe,Mg,Mn)13(Si,Al)18O42(OH)14",Silicates,7
RRUFF,Zwieselite,Fe^2+^2(PO4)F,Phosphates,8
RRUFF,Zykaite,Fe^3+^4(AsO4)3(SO4)(OH)·15H2O,Arsenates,6
